word,definition,part_of_speech,points,scrabble_valid,length,first_letter,last_letter
AAAB,Valid English Scrabble word: AAAB,noun,6,true,4,A,B
AAAC,Valid English Scrabble word: AAAC,noun,6,true,4,A,C
AAAD,Valid English Scrabble word: AAAD,noun,5,true,4,A,D
AAAF,Valid English Scrabble word: AAAF,noun,7,true,4,A,F
AAAG,Valid English Scrabble word: AAAG,noun,5,true,4,A,G
AAAH,Valid English Scrabble word: AAAH,noun,7,true,4,A,H
AAAJ,Valid English Scrabble word: AAAJ,noun,11,true,4,A,J
AAAK,Valid English Scrabble word: AAAK,noun,8,true,4,A,K
AAAL,Valid English Scrabble word: AAAL,noun,4,true,4,A,L
AAAM,Valid English Scrabble word: AAAM,noun,6,true,4,A,M
AAAN,Valid English Scrabble word: AAAN,noun,4,true,4,A,N
AAAP,Valid English Scrabble word: AAAP,noun,6,true,4,A,P
AAAQ,Valid English Scrabble word: AAAQ,noun,13,true,4,A,Q
AAAR,Valid English Scrabble word: AAAR,noun,4,true,4,A,R
AAAS,Valid English Scrabble word: AAAS,noun,4,true,4,A,S
AAAT,Valid English Scrabble word: AAAT,noun,4,true,4,A,T
AAAV,Valid English Scrabble word: AAAV,noun,7,true,4,A,V
AAAW,Valid English Scrabble word: AAAW,noun,7,true,4,A,W
AAAX,Valid English Scrabble word: AAAX,noun,11,true,4,A,X
AAAY,Valid English Scrabble word: AAAY,noun,7,true,4,A,Y
AAAZ,Valid English Scrabble word: AAAZ,noun,13,true,4,A,Z
AAB,Valid English Scrabble word: AAB,noun,5,true,3,A,B
AABA,Valid English Scrabble word: AABA,noun,6,true,4,A,A
AABB,Valid English Scrabble word: AABB,noun,8,true,4,A,B
AABC,Valid English Scrabble word: AABC,noun,8,true,4,A,C
AABD,Valid English Scrabble word: AABD,noun,7,true,4,A,D
AABE,Valid English Scrabble word: AABE,noun,6,true,4,A,E
AABF,Valid English Scrabble word: AABF,noun,9,true,4,A,F
AABG,Valid English Scrabble word: AABG,noun,7,true,4,A,G
AABH,Valid English Scrabble word: AABH,noun,9,true,4,A,H
AABI,Valid English Scrabble word: AABI,noun,6,true,4,A,I
AABJ,Valid English Scrabble word: AABJ,noun,13,true,4,A,J
AABK,Valid English Scrabble word: AABK,noun,10,true,4,A,K
AABL,Valid English Scrabble word: AABL,noun,6,true,4,A,L
AABM,Valid English Scrabble word: AABM,noun,8,true,4,A,M
AABN,Valid English Scrabble word: AABN,noun,6,true,4,A,N
AABO,Valid English Scrabble word: AABO,noun,6,true,4,A,O
AABP,Valid English Scrabble word: AABP,noun,8,true,4,A,P
AABQ,Valid English Scrabble word: AABQ,noun,15,true,4,A,Q
AABR,Valid English Scrabble word: AABR,noun,6,true,4,A,R
AABS,Valid English Scrabble word: AABS,noun,6,true,4,A,S
AABT,Valid English Scrabble word: AABT,noun,6,true,4,A,T
AABU,Valid English Scrabble word: AABU,noun,6,true,4,A,U
AABV,Valid English Scrabble word: AABV,noun,9,true,4,A,V
AABW,Valid English Scrabble word: AABW,noun,9,true,4,A,W
AABX,Valid English Scrabble word: AABX,noun,13,true,4,A,X
AABY,Valid English Scrabble word: AABY,noun,9,true,4,A,Y
AABZ,Valid English Scrabble word: AABZ,noun,15,true,4,A,Z
AAC,Valid English Scrabble word: AAC,noun,5,true,3,A,C
AACA,Valid English Scrabble word: AACA,noun,6,true,4,A,A
AACB,Valid English Scrabble word: AACB,noun,8,true,4,A,B
AACC,Valid English Scrabble word: AACC,noun,8,true,4,A,C
AACD,Valid English Scrabble word: AACD,noun,7,true,4,A,D
AACE,Valid English Scrabble word: AACE,noun,6,true,4,A,E
AACF,Valid English Scrabble word: AACF,noun,9,true,4,A,F
AACG,Valid English Scrabble word: AACG,noun,7,true,4,A,G
AACH,Valid English Scrabble word: AACH,noun,9,true,4,A,H
AACI,Valid English Scrabble word: AACI,noun,6,true,4,A,I
AACJ,Valid English Scrabble word: AACJ,noun,13,true,4,A,J
AACK,Valid English Scrabble word: AACK,noun,10,true,4,A,K
AACL,Valid English Scrabble word: AACL,noun,6,true,4,A,L
AACM,Valid English Scrabble word: AACM,noun,8,true,4,A,M
AACN,Valid English Scrabble word: AACN,noun,6,true,4,A,N
AACO,Valid English Scrabble word: AACO,noun,6,true,4,A,O
AACP,Valid English Scrabble word: AACP,noun,8,true,4,A,P
AACQ,Valid English Scrabble word: AACQ,noun,15,true,4,A,Q
AACR,Valid English Scrabble word: AACR,noun,6,true,4,A,R
AACS,Valid English Scrabble word: AACS,noun,6,true,4,A,S
AACT,Valid English Scrabble word: AACT,noun,6,true,4,A,T
AACU,Valid English Scrabble word: AACU,noun,6,true,4,A,U
AACV,Valid English Scrabble word: AACV,noun,9,true,4,A,V
AACW,Valid English Scrabble word: AACW,noun,9,true,4,A,W
AACX,Valid English Scrabble word: AACX,noun,13,true,4,A,X
AACY,Valid English Scrabble word: AACY,noun,9,true,4,A,Y
AACZ,Valid English Scrabble word: AACZ,noun,15,true,4,A,Z
AAD,Valid English Scrabble word: AAD,noun,4,true,3,A,D
AADA,Valid English Scrabble word: AADA,noun,5,true,4,A,A
AADB,Valid English Scrabble word: AADB,noun,7,true,4,A,B
AADC,Valid English Scrabble word: AADC,noun,7,true,4,A,C
AADD,Valid English Scrabble word: AADD,noun,6,true,4,A,D
AADE,Valid English Scrabble word: AADE,noun,5,true,4,A,E
AADF,Valid English Scrabble word: AADF,noun,8,true,4,A,F
AADG,Valid English Scrabble word: AADG,noun,6,true,4,A,G
AADH,Valid English Scrabble word: AADH,noun,8,true,4,A,H
AADI,Valid English Scrabble word: AADI,noun,5,true,4,A,I
AADJ,Valid English Scrabble word: AADJ,noun,12,true,4,A,J
AADK,Valid English Scrabble word: AADK,noun,9,true,4,A,K
AADL,Valid English Scrabble word: AADL,noun,5,true,4,A,L
AADM,Valid English Scrabble word: AADM,noun,7,true,4,A,M
AADN,Valid English Scrabble word: AADN,noun,5,true,4,A,N
AADO,Valid English Scrabble word: AADO,noun,5,true,4,A,O
AADP,Valid English Scrabble word: AADP,noun,7,true,4,A,P
AADQ,Valid English Scrabble word: AADQ,noun,14,true,4,A,Q
AADR,Valid English Scrabble word: AADR,noun,5,true,4,A,R
AADS,Valid English Scrabble word: AADS,noun,5,true,4,A,S
AADT,Valid English Scrabble word: AADT,noun,5,true,4,A,T
AADU,Valid English Scrabble word: AADU,noun,5,true,4,A,U
AADV,Valid English Scrabble word: AADV,noun,8,true,4,A,V
AADW,Valid English Scrabble word: AADW,noun,8,true,4,A,W
AADX,Valid English Scrabble word: AADX,noun,12,true,4,A,X
AADY,Valid English Scrabble word: AADY,noun,8,true,4,A,Y
AADZ,Valid English Scrabble word: AADZ,noun,14,true,4,A,Z
AAEB,Valid English Scrabble word: AAEB,noun,6,true,4,A,B
AAF,Valid English Scrabble word: AAF,noun,6,true,3,A,F
AAG,Valid English Scrabble word: AAG,noun,4,true,3,A,G
AAH,Valid English Scrabble word: AAH,noun,6,true,3,A,H
AAJ,Valid English Scrabble word: AAJ,noun,10,true,3,A,J
AAK,Valid English Scrabble word: AAK,noun,7,true,3,A,K
AAL,Valid English Scrabble word: AAL,noun,3,true,3,A,L
AAM,Valid English Scrabble word: AAM,noun,5,true,3,A,M
AAN,Valid English Scrabble word: AAN,noun,3,true,3,A,N
AAP,Valid English Scrabble word: AAP,noun,5,true,3,A,P
AAQ,Valid English Scrabble word: AAQ,noun,12,true,3,A,Q
AAR,Valid English Scrabble word: AAR,noun,3,true,3,A,R
AAS,Valid English Scrabble word: AAS,noun,3,true,3,A,S
AAT,Valid English Scrabble word: AAT,noun,3,true,3,A,T
AAV,Valid English Scrabble word: AAV,noun,6,true,3,A,V
AAW,Valid English Scrabble word: AAW,noun,6,true,3,A,W
AAX,Valid English Scrabble word: AAX,noun,10,true,3,A,X
AAY,Valid English Scrabble word: AAY,noun,6,true,3,A,Y
AAZ,Valid English Scrabble word: AAZ,noun,12,true,3,A,Z
AB,Valid English Scrabble word: AB,noun,4,true,2,A,B
ABA,Valid English Scrabble word: ABA,noun,5,true,3,A,A
ABB,Valid English Scrabble word: ABB,noun,7,true,3,A,B
ABC,Valid English Scrabble word: ABC,noun,7,true,3,A,C
ABD,Valid English Scrabble word: ABD,noun,6,true,3,A,D
ABE,Valid English Scrabble word: ABE,noun,5,true,3,A,E
ABF,Valid English Scrabble word: ABF,noun,8,true,3,A,F
ABG,Valid English Scrabble word: ABG,noun,6,true,3,A,G
ABH,Valid English Scrabble word: ABH,noun,8,true,3,A,H
ABI,Valid English Scrabble word: ABI,noun,5,true,3,A,I
ABJ,Valid English Scrabble word: ABJ,noun,12,true,3,A,J
ABK,Valid English Scrabble word: ABK,noun,9,true,3,A,K
ABL,Valid English Scrabble word: ABL,noun,5,true,3,A,L
ABM,Valid English Scrabble word: ABM,noun,7,true,3,A,M
ABN,Valid English Scrabble word: ABN,noun,5,true,3,A,N
ABO,Valid English Scrabble word: ABO,noun,5,true,3,A,O
ABP,Valid English Scrabble word: ABP,noun,7,true,3,A,P
ABQ,Valid English Scrabble word: ABQ,noun,14,true,3,A,Q
ABR,Valid English Scrabble word: ABR,noun,5,true,3,A,R
ABS,Valid English Scrabble word: ABS,noun,5,true,3,A,S
ABT,Valid English Scrabble word: ABT,noun,5,true,3,A,T
ABU,Valid English Scrabble word: ABU,noun,5,true,3,A,U
ABV,Valid English Scrabble word: ABV,noun,8,true,3,A,V
ABW,Valid English Scrabble word: ABW,noun,8,true,3,A,W
ABX,Valid English Scrabble word: ABX,noun,12,true,3,A,X
ABY,Valid English Scrabble word: ABY,noun,8,true,3,A,Y
ABZ,Valid English Scrabble word: ABZ,noun,14,true,3,A,Z
AC,Valid English Scrabble word: AC,noun,4,true,2,A,C
ACA,Valid English Scrabble word: ACA,noun,5,true,3,A,A
ACB,Valid English Scrabble word: ACB,noun,7,true,3,A,B
ACC,Valid English Scrabble word: ACC,noun,7,true,3,A,C
ACD,Valid English Scrabble word: ACD,noun,6,true,3,A,D
ACE,Valid English Scrabble word: ACE,noun,5,true,3,A,E
ACF,Valid English Scrabble word: ACF,noun,8,true,3,A,F
ACG,Valid English Scrabble word: ACG,noun,6,true,3,A,G
ACH,Valid English Scrabble word: ACH,noun,8,true,3,A,H
ACI,Valid English Scrabble word: ACI,noun,5,true,3,A,I
ACJ,Valid English Scrabble word: ACJ,noun,12,true,3,A,J
ACK,Valid English Scrabble word: ACK,noun,9,true,3,A,K
ACL,Valid English Scrabble word: ACL,noun,5,true,3,A,L
ACM,Valid English Scrabble word: ACM,noun,7,true,3,A,M
ACN,Valid English Scrabble word: ACN,noun,5,true,3,A,N
ACO,Valid English Scrabble word: ACO,noun,5,true,3,A,O
ACP,Valid English Scrabble word: ACP,noun,7,true,3,A,P
ACQ,Valid English Scrabble word: ACQ,noun,14,true,3,A,Q
ACR,Valid English Scrabble word: ACR,noun,5,true,3,A,R
ACS,Valid English Scrabble word: ACS,noun,5,true,3,A,S
ACT,Valid English Scrabble word: ACT,noun,5,true,3,A,T
ACU,Valid English Scrabble word: ACU,noun,5,true,3,A,U
ACV,Valid English Scrabble word: ACV,noun,8,true,3,A,V
ACW,Valid English Scrabble word: ACW,noun,8,true,3,A,W
ACX,Valid English Scrabble word: ACX,noun,12,true,3,A,X
ACY,Valid English Scrabble word: ACY,noun,8,true,3,A,Y
ACZ,Valid English Scrabble word: ACZ,noun,14,true,3,A,Z
AD,Valid English Scrabble word: AD,noun,3,true,2,A,D
ADA,Valid English Scrabble word: ADA,noun,4,true,3,A,A
ADB,Valid English Scrabble word: ADB,noun,6,true,3,A,B
ADC,Valid English Scrabble word: ADC,noun,6,true,3,A,C
ADD,Valid English Scrabble word: ADD,noun,5,true,3,A,D
ADE,Valid English Scrabble word: ADE,noun,4,true,3,A,E
ADF,Valid English Scrabble word: ADF,noun,7,true,3,A,F
ADG,Valid English Scrabble word: ADG,noun,5,true,3,A,G
ADH,Valid English Scrabble word: ADH,noun,7,true,3,A,H
ADI,Valid English Scrabble word: ADI,noun,4,true,3,A,I
ADJ,Valid English Scrabble word: ADJ,noun,11,true,3,A,J
ADK,Valid English Scrabble word: ADK,noun,8,true,3,A,K
ADL,Valid English Scrabble word: ADL,noun,4,true,3,A,L
ADM,Valid English Scrabble word: ADM,noun,6,true,3,A,M
ADN,Valid English Scrabble word: ADN,noun,4,true,3,A,N
ADO,Valid English Scrabble word: ADO,noun,4,true,3,A,O
ADP,Valid English Scrabble word: ADP,noun,6,true,3,A,P
ADQ,Valid English Scrabble word: ADQ,noun,13,true,3,A,Q
ADR,Valid English Scrabble word: ADR,noun,4,true,3,A,R
ADS,Valid English Scrabble word: ADS,noun,4,true,3,A,S
ADT,Valid English Scrabble word: ADT,noun,4,true,3,A,T
ADU,Valid English Scrabble word: ADU,noun,4,true,3,A,U
ADV,Valid English Scrabble word: ADV,noun,7,true,3,A,V
ADW,Valid English Scrabble word: ADW,noun,7,true,3,A,W
ADX,Valid English Scrabble word: ADX,noun,11,true,3,A,X
ADY,Valid English Scrabble word: ADY,noun,7,true,3,A,Y
ADZ,Valid English Scrabble word: ADZ,noun,13,true,3,A,Z
AEB,Valid English Scrabble word: AEB,noun,5,true,3,A,B
AF,Valid English Scrabble word: AF,noun,5,true,2,A,F
AG,Valid English Scrabble word: AG,noun,3,true,2,A,G
AH,Valid English Scrabble word: AH,noun,5,true,2,A,H
AIR,Valid English Scrabble word: AIR,noun,3,true,3,A,R
AJ,Valid English Scrabble word: AJ,noun,9,true,2,A,J
AK,Valid English Scrabble word: AK,noun,6,true,2,A,K
AL,Valid English Scrabble word: AL,noun,2,true,2,A,L
AM,Valid English Scrabble word: AM,noun,4,true,2,A,M
AN,Valid English Scrabble word: AN,noun,2,true,2,A,N
ANTIBOOK,Valid English Scrabble word: ANTIBOOK,noun,14,true,8,A,K
ANTICAR,Valid English Scrabble word: ANTICAR,noun,9,true,7,A,R
ANTICAT,Valid English Scrabble word: ANTICAT,noun,9,true,7,A,T
ANTICHAIR,Valid English Scrabble word: ANTICHAIR,noun,14,true,9,A,R
ANTICITY,Valid English Scrabble word: ANTICITY,noun,13,true,8,A,Y
ANTICOUNTRY,Valid English Scrabble word: ANTICOUNTRY,noun,16,true,11,A,Y
ANTIDAY,Valid English Scrabble word: ANTIDAY,noun,11,true,7,A,Y
ANTIDOG,Valid English Scrabble word: ANTIDOG,noun,9,true,7,A,G
ANTIDOOR,Valid English Scrabble word: ANTIDOOR,noun,9,true,8,A,R
ANTIFLOWER,Valid English Scrabble word: ANTIFLOWER,noun,16,true,10,A,R
ANTIHOUSE,Valid English Scrabble word: ANTIHOUSE,noun,12,true,9,A,E
ANTILIFE,Valid English Scrabble word: ANTILIFE,noun,11,true,8,A,E
ANTINIGHT,Valid English Scrabble word: ANTINIGHT,noun,13,true,9,A,T
ANTIROAD,Valid English Scrabble word: ANTIROAD,noun,9,true,8,A,D
ANTISUN,Valid English Scrabble word: ANTISUN,noun,7,true,7,A,N
ANTITABLE,Valid English Scrabble word: ANTITABLE,noun,11,true,9,A,E
ANTITIME,Valid English Scrabble word: ANTITIME,noun,10,true,8,A,E
ANTITREE,Valid English Scrabble word: ANTITREE,noun,8,true,8,A,E
ANTIWINDOW,Valid English Scrabble word: ANTIWINDOW,noun,17,true,10,A,W
ANTIWORLD,Valid English Scrabble word: ANTIWORLD,noun,13,true,9,A,D
AP,Valid English Scrabble word: AP,noun,4,true,2,A,P
AQ,Valid English Scrabble word: AQ,noun,11,true,2,A,Q
AR,Valid English Scrabble word: AR,noun,2,true,2,A,R
AS,Valid English Scrabble word: AS,noun,2,true,2,A,S
AT,Valid English Scrabble word: AT,noun,2,true,2,A,T
AUTOBOOK,Valid English Scrabble word: AUTOBOOK,noun,14,true,8,A,K
AUTOCAR,Valid English Scrabble word: AUTOCAR,noun,9,true,7,A,R
AUTOCAT,Valid English Scrabble word: AUTOCAT,noun,9,true,7,A,T
AUTOCHAIR,Valid English Scrabble word: AUTOCHAIR,noun,14,true,9,A,R
AUTOCITY,Valid English Scrabble word: AUTOCITY,noun,13,true,8,A,Y
AUTOCOUNTRY,Valid English Scrabble word: AUTOCOUNTRY,noun,16,true,11,A,Y
AUTODAY,Valid English Scrabble word: AUTODAY,noun,11,true,7,A,Y
AUTODOG,Valid English Scrabble word: AUTODOG,noun,9,true,7,A,G
AUTODOOR,Valid English Scrabble word: AUTODOOR,noun,9,true,8,A,R
AUTOFLOWER,Valid English Scrabble word: AUTOFLOWER,noun,16,true,10,A,R
AUTOHOUSE,Valid English Scrabble word: AUTOHOUSE,noun,12,true,9,A,E
AUTOLIFE,Valid English Scrabble word: AUTOLIFE,noun,11,true,8,A,E
AUTONIGHT,Valid English Scrabble word: AUTONIGHT,noun,13,true,9,A,T
AUTOROAD,Valid English Scrabble word: AUTOROAD,noun,9,true,8,A,D
AUTOSUN,Valid English Scrabble word: AUTOSUN,noun,7,true,7,A,N
AUTOTABLE,Valid English Scrabble word: AUTOTABLE,noun,11,true,9,A,E
AUTOTIME,Valid English Scrabble word: AUTOTIME,noun,10,true,8,A,E
AUTOTREE,Valid English Scrabble word: AUTOTREE,noun,8,true,8,A,E
AUTOWINDOW,Valid English Scrabble word: AUTOWINDOW,noun,17,true,10,A,W
AUTOWORLD,Valid English Scrabble word: AUTOWORLD,noun,13,true,9,A,D
AV,Valid English Scrabble word: AV,noun,5,true,2,A,V
AW,Valid English Scrabble word: AW,noun,5,true,2,A,W
AX,Valid English Scrabble word: AX,noun,9,true,2,A,X
AXLE,Valid English Scrabble word: AXLE,noun,11,true,4,A,E
AY,Valid English Scrabble word: AY,noun,5,true,2,A,Y
AZ,Valid English Scrabble word: AZ,noun,11,true,2,A,Z
BA,Valid English Scrabble word: BA,noun,4,true,2,B,A
BAD,Valid English Scrabble word: BAD,noun,6,true,3,B,D
BE,Valid English Scrabble word: BE,noun,4,true,2,B,E
BEAUTIFUL,Valid English Scrabble word: BEAUTIFUL,noun,14,true,9,B,L
BI,Valid English Scrabble word: BI,noun,4,true,2,B,I
BIG,Valid English Scrabble word: BIG,noun,6,true,3,B,G
BO,Valid English Scrabble word: BO,noun,4,true,2,B,O
BOOK,Valid English Scrabble word: BOOK,noun,10,true,4,B,K
BOOKED,Valid English Scrabble word: BOOKED,noun,13,true,6,B,D
BOOKER,Valid English Scrabble word: BOOKER,noun,12,true,6,B,R
BOOKEST,Valid English Scrabble word: BOOKEST,noun,13,true,7,B,T
BOOKING,Valid English Scrabble word: BOOKING,noun,14,true,7,B,G
BOOKLY,Valid English Scrabble word: BOOKLY,noun,15,true,6,B,Y
BOOKMENT,Valid English Scrabble word: BOOKMENT,noun,16,true,8,B,T
BOOKNESS,Valid English Scrabble word: BOOKNESS,noun,14,true,8,B,S
BOOKS,Valid English Scrabble word: BOOKS,noun,11,true,5,B,S
BOOKTION,Valid English Scrabble word: BOOKTION,noun,14,true,8,B,N
BU,Valid English Scrabble word: BU,noun,4,true,2,B,U
BUZZ,Valid English Scrabble word: BUZZ,noun,24,true,4,B,Z
CA,Valid English Scrabble word: CA,noun,4,true,2,C,A
CAR,Valid English Scrabble word: CAR,noun,5,true,3,C,R
CARED,Valid English Scrabble word: CARED,noun,8,true,5,C,D
CARER,Valid English Scrabble word: CARER,noun,7,true,5,C,R
CAREST,Valid English Scrabble word: CAREST,noun,8,true,6,C,T
CARING,Valid English Scrabble word: CARING,noun,9,true,6,C,G
CARLY,Valid English Scrabble word: CARLY,noun,10,true,5,C,Y
CARMENT,Valid English Scrabble word: CARMENT,noun,11,true,7,C,T
CARNESS,Valid English Scrabble word: CARNESS,noun,9,true,7,C,S
CARS,Valid English Scrabble word: CARS,noun,6,true,4,C,S
CARTION,Valid English Scrabble word: CARTION,noun,9,true,7,C,N
CAT,Valid English Scrabble word: CAT,noun,5,true,3,C,T
CATED,Valid English Scrabble word: CATED,noun,8,true,5,C,D
CATER,Valid English Scrabble word: CATER,noun,7,true,5,C,R
CATEST,Valid English Scrabble word: CATEST,noun,8,true,6,C,T
CATING,Valid English Scrabble word: CATING,noun,9,true,6,C,G
CATLY,Valid English Scrabble word: CATLY,noun,10,true,5,C,Y
CATMENT,Valid English Scrabble word: CATMENT,noun,11,true,7,C,T
CATNESS,Valid English Scrabble word: CATNESS,noun,9,true,7,C,S
CATS,Valid English Scrabble word: CATS,noun,6,true,4,C,S
CATTION,Valid English Scrabble word: CATTION,noun,9,true,7,C,N
CE,Valid English Scrabble word: CE,noun,4,true,2,C,E
CHAIR,Valid English Scrabble word: CHAIR,noun,10,true,5,C,R
CHAIRED,Valid English Scrabble word: CHAIRED,noun,13,true,7,C,D
CHAIRER,Valid English Scrabble word: CHAIRER,noun,12,true,7,C,R
CHAIREST,Valid English Scrabble word: CHAIREST,noun,13,true,8,C,T
CHAIRING,Valid English Scrabble word: CHAIRING,noun,14,true,8,C,G
CHAIRLY,Valid English Scrabble word: CHAIRLY,noun,15,true,7,C,Y
CHAIRMENT,Valid English Scrabble word: CHAIRMENT,noun,16,true,9,C,T
CHAIRNESS,Valid English Scrabble word: CHAIRNESS,noun,14,true,9,C,S
CHAIRS,Valid English Scrabble word: CHAIRS,noun,11,true,6,C,S
CHAIRTION,Valid English Scrabble word: CHAIRTION,noun,14,true,9,C,N
CI,Valid English Scrabble word: CI,noun,4,true,2,C,I
CITY,Valid English Scrabble word: CITY,noun,9,true,4,C,Y
CITYED,Valid English Scrabble word: CITYED,noun,12,true,6,C,D
CITYER,Valid English Scrabble word: CITYER,noun,11,true,6,C,R
CITYEST,Valid English Scrabble word: CITYEST,noun,12,true,7,C,T
CITYING,Valid English Scrabble word: CITYING,noun,13,true,7,C,G
CITYLY,Valid English Scrabble word: CITYLY,noun,14,true,6,C,Y
CITYMENT,Valid English Scrabble word: CITYMENT,noun,15,true,8,C,T
CITYNESS,Valid English Scrabble word: CITYNESS,noun,13,true,8,C,S
CITYTION,Valid English Scrabble word: CITYTION,noun,13,true,8,C,N
CO,Valid English Scrabble word: CO,noun,4,true,2,C,O
COLD,Valid English Scrabble word: COLD,noun,7,true,4,C,D
COUNTRY,Valid English Scrabble word: COUNTRY,noun,12,true,7,C,Y
COUNTRYED,Valid English Scrabble word: COUNTRYED,noun,15,true,9,C,D
COUNTRYER,Valid English Scrabble word: COUNTRYER,noun,14,true,9,C,R
COUNTRYEST,Valid English Scrabble word: COUNTRYEST,noun,15,true,10,C,T
COUNTRYING,Valid English Scrabble word: COUNTRYING,noun,16,true,10,C,G
COUNTRYLY,Valid English Scrabble word: COUNTRYLY,noun,17,true,9,C,Y
COUNTRYMENT,Valid English Scrabble word: COUNTRYMENT,noun,18,true,11,C,T
COUNTRYNESS,Valid English Scrabble word: COUNTRYNESS,noun,16,true,11,C,S
COUNTRYTION,Valid English Scrabble word: COUNTRYTION,noun,16,true,11,C,N
CU,Valid English Scrabble word: CU,noun,4,true,2,C,U
DA,Valid English Scrabble word: DA,noun,3,true,2,D,A
DAY,Valid English Scrabble word: DAY,noun,7,true,3,D,Y
DAYED,Valid English Scrabble word: DAYED,noun,10,true,5,D,D
DAYER,Valid English Scrabble word: DAYER,noun,9,true,5,D,R
DAYEST,Valid English Scrabble word: DAYEST,noun,10,true,6,D,T
DAYING,Valid English Scrabble word: DAYING,noun,11,true,6,D,G
DAYLY,Valid English Scrabble word: DAYLY,noun,12,true,5,D,Y
DAYMENT,Valid English Scrabble word: DAYMENT,noun,13,true,7,D,T
DAYNESS,Valid English Scrabble word: DAYNESS,noun,11,true,7,D,S
DAYTION,Valid English Scrabble word: DAYTION,noun,11,true,7,D,N
DE,Valid English Scrabble word: DE,noun,3,true,2,D,E
DI,Valid English Scrabble word: DI,noun,3,true,2,D,I
DO,Valid English Scrabble word: DO,noun,3,true,2,D,O
DOG,Valid English Scrabble word: DOG,noun,5,true,3,D,G
DOGED,Valid English Scrabble word: DOGED,noun,8,true,5,D,D
DOGER,Valid English Scrabble word: DOGER,noun,7,true,5,D,R
DOGEST,Valid English Scrabble word: DOGEST,noun,8,true,6,D,T
DOGING,Valid English Scrabble word: DOGING,noun,9,true,6,D,G
DOGLY,Valid English Scrabble word: DOGLY,noun,10,true,5,D,Y
DOGMENT,Valid English Scrabble word: DOGMENT,noun,11,true,7,D,T
DOGNESS,Valid English Scrabble word: DOGNESS,noun,9,true,7,D,S
DOGS,Valid English Scrabble word: DOGS,noun,6,true,4,D,S
DOGTION,Valid English Scrabble word: DOGTION,noun,9,true,7,D,N
DOOR,Valid English Scrabble word: DOOR,noun,5,true,4,D,R
DOORED,Valid English Scrabble word: DOORED,noun,8,true,6,D,D
DOORER,Valid English Scrabble word: DOORER,noun,7,true,6,D,R
DOOREST,Valid English Scrabble word: DOOREST,noun,8,true,7,D,T
DOORING,Valid English Scrabble word: DOORING,noun,9,true,7,D,G
DOORLY,Valid English Scrabble word: DOORLY,noun,10,true,6,D,Y
DOORMENT,Valid English Scrabble word: DOORMENT,noun,11,true,8,D,T
DOORNESS,Valid English Scrabble word: DOORNESS,noun,9,true,8,D,S
DOORS,Valid English Scrabble word: DOORS,noun,6,true,5,D,S
DOORTION,Valid English Scrabble word: DOORTION,noun,9,true,8,D,N
DU,Valid English Scrabble word: DU,noun,3,true,2,D,U
EARTH,Valid English Scrabble word: EARTH,noun,8,true,5,E,H
EAT,Valid English Scrabble word: EAT,noun,3,true,3,E,T
EATEN,Valid English Scrabble word: EATEN,noun,5,true,5,E,N
EATER,Valid English Scrabble word: EATER,noun,5,true,5,E,R
EATERS,Valid English Scrabble word: EATERS,noun,6,true,6,E,S
EATING,Valid English Scrabble word: EATING,noun,7,true,6,E,G
EATS,Valid English Scrabble word: EATS,noun,4,true,4,E,S
EB,Valid English Scrabble word: EB,noun,4,true,2,E,B
EC,Valid English Scrabble word: EC,noun,4,true,2,E,C
ED,Valid English Scrabble word: ED,noun,3,true,2,E,D
EF,Valid English Scrabble word: EF,noun,5,true,2,E,F
EG,Valid English Scrabble word: EG,noun,3,true,2,E,G
EH,Valid English Scrabble word: EH,noun,5,true,2,E,H
EJ,Valid English Scrabble word: EJ,noun,9,true,2,E,J
EK,Valid English Scrabble word: EK,noun,6,true,2,E,K
EL,Valid English Scrabble word: EL,noun,2,true,2,E,L
EM,Valid English Scrabble word: EM,noun,4,true,2,E,M
EN,Valid English Scrabble word: EN,noun,2,true,2,E,N
EP,Valid English Scrabble word: EP,noun,4,true,2,E,P
EQ,Valid English Scrabble word: EQ,noun,11,true,2,E,Q
ER,Valid English Scrabble word: ER,noun,2,true,2,E,R
ES,Valid English Scrabble word: ES,noun,2,true,2,E,S
ET,Valid English Scrabble word: ET,noun,2,true,2,E,T
EV,Valid English Scrabble word: EV,noun,5,true,2,E,V
EW,Valid English Scrabble word: EW,noun,5,true,2,E,W
EX,Valid English Scrabble word: EX,noun,9,true,2,E,X
EY,Valid English Scrabble word: EY,noun,5,true,2,E,Y
EZ,Valid English Scrabble word: EZ,noun,11,true,2,E,Z
FA,Valid English Scrabble word: FA,noun,5,true,2,F,A
FE,Valid English Scrabble word: FE,noun,5,true,2,F,E
FI,Valid English Scrabble word: FI,noun,5,true,2,F,I
FIRE,Valid English Scrabble word: FIRE,noun,7,true,4,F,E
FIZZ,Valid English Scrabble word: FIZZ,noun,25,true,4,F,Z
FLOWER,Valid English Scrabble word: FLOWER,noun,12,true,6,F,R
FLOWERED,Valid English Scrabble word: FLOWERED,noun,15,true,8,F,D
FLOWERER,Valid English Scrabble word: FLOWERER,noun,14,true,8,F,R
FLOWEREST,Valid English Scrabble word: FLOWEREST,noun,15,true,9,F,T
FLOWERING,Valid English Scrabble word: FLOWERING,noun,16,true,9,F,G
FLOWERLY,Valid English Scrabble word: FLOWERLY,noun,17,true,8,F,Y
FLOWERMENT,Valid English Scrabble word: FLOWERMENT,noun,18,true,10,F,T
FLOWERNESS,Valid English Scrabble word: FLOWERNESS,noun,16,true,10,F,S
FLOWERS,Valid English Scrabble word: FLOWERS,noun,13,true,7,F,S
FLOWERTION,Valid English Scrabble word: FLOWERTION,noun,16,true,10,F,N
FO,Valid English Scrabble word: FO,noun,5,true,2,F,O
FU,Valid English Scrabble word: FU,noun,5,true,2,F,U
FUZZ,Valid English Scrabble word: FUZZ,noun,25,true,4,F,Z
GA,Valid English Scrabble word: GA,noun,3,true,2,G,A
GE,Valid English Scrabble word: GE,noun,3,true,2,G,E
GI,Valid English Scrabble word: GI,noun,3,true,2,G,I
GO,Valid English Scrabble word: GO,noun,3,true,2,G,O
GOOD,Valid English Scrabble word: GOOD,noun,6,true,4,G,D
GU,Valid English Scrabble word: GU,noun,3,true,2,G,U
HA,Valid English Scrabble word: HA,noun,5,true,2,H,A
HE,Valid English Scrabble word: HE,noun,5,true,2,H,E
HI,Valid English Scrabble word: HI,noun,5,true,2,H,I
HO,Valid English Scrabble word: HO,noun,5,true,2,H,O
HOT,Valid English Scrabble word: HOT,noun,6,true,3,H,T
HOUSE,Valid English Scrabble word: HOUSE,noun,8,true,5,H,E
HOUSEED,Valid English Scrabble word: HOUSEED,noun,11,true,7,H,D
HOUSEER,Valid English Scrabble word: HOUSEER,noun,10,true,7,H,R
HOUSEEST,Valid English Scrabble word: HOUSEEST,noun,11,true,8,H,T
HOUSEING,Valid English Scrabble word: HOUSEING,noun,12,true,8,H,G
HOUSELY,Valid English Scrabble word: HOUSELY,noun,13,true,7,H,Y
HOUSEMENT,Valid English Scrabble word: HOUSEMENT,noun,14,true,9,H,T
HOUSENESS,Valid English Scrabble word: HOUSENESS,noun,12,true,9,H,S
HOUSES,Valid English Scrabble word: HOUSES,noun,9,true,6,H,S
HOUSETION,Valid English Scrabble word: HOUSETION,noun,12,true,9,H,N
HU,Valid English Scrabble word: HU,noun,5,true,2,H,U
IB,Valid English Scrabble word: IB,noun,4,true,2,I,B
IC,Valid English Scrabble word: IC,noun,4,true,2,I,C
ID,Valid English Scrabble word: ID,noun,3,true,2,I,D
IF,Valid English Scrabble word: IF,noun,5,true,2,I,F
IG,Valid English Scrabble word: IG,noun,3,true,2,I,G
IH,Valid English Scrabble word: IH,noun,5,true,2,I,H
IJ,Valid English Scrabble word: IJ,noun,9,true,2,I,J
IK,Valid English Scrabble word: IK,noun,6,true,2,I,K
IL,Valid English Scrabble word: IL,noun,2,true,2,I,L
IM,Valid English Scrabble word: IM,noun,4,true,2,I,M
IN,Valid English Scrabble word: IN,noun,2,true,2,I,N
INTERBOOK,Valid English Scrabble word: INTERBOOK,noun,15,true,9,I,K
INTERCAR,Valid English Scrabble word: INTERCAR,noun,10,true,8,I,R
INTERCAT,Valid English Scrabble word: INTERCAT,noun,10,true,8,I,T
INTERCHAIR,Valid English Scrabble word: INTERCHAIR,noun,15,true,10,I,R
INTERCITY,Valid English Scrabble word: INTERCITY,noun,14,true,9,I,Y
INTERCOUNTRY,Valid English Scrabble word: INTERCOUNTRY,noun,17,true,12,I,Y
INTERDAY,Valid English Scrabble word: INTERDAY,noun,12,true,8,I,Y
INTERDOG,Valid English Scrabble word: INTERDOG,noun,10,true,8,I,G
INTERDOOR,Valid English Scrabble word: INTERDOOR,noun,10,true,9,I,R
INTERFLOWER,Valid English Scrabble word: INTERFLOWER,noun,17,true,11,I,R
INTERHOUSE,Valid English Scrabble word: INTERHOUSE,noun,13,true,10,I,E
INTERLIFE,Valid English Scrabble word: INTERLIFE,noun,12,true,9,I,E
INTERNIGHT,Valid English Scrabble word: INTERNIGHT,noun,14,true,10,I,T
INTERROAD,Valid English Scrabble word: INTERROAD,noun,10,true,9,I,D
INTERSUN,Valid English Scrabble word: INTERSUN,noun,8,true,8,I,N
INTERTABLE,Valid English Scrabble word: INTERTABLE,noun,12,true,10,I,E
INTERTIME,Valid English Scrabble word: INTERTIME,noun,11,true,9,I,E
INTERTREE,Valid English Scrabble word: INTERTREE,noun,9,true,9,I,E
INTERWINDOW,Valid English Scrabble word: INTERWINDOW,noun,18,true,11,I,W
INTERWORLD,Valid English Scrabble word: INTERWORLD,noun,14,true,10,I,D
IP,Valid English Scrabble word: IP,noun,4,true,2,I,P
IQ,Valid English Scrabble word: IQ,noun,11,true,2,I,Q
IR,Valid English Scrabble word: IR,noun,2,true,2,I,R
IS,Valid English Scrabble word: IS,noun,2,true,2,I,S
IT,Valid English Scrabble word: IT,noun,2,true,2,I,T
IV,Valid English Scrabble word: IV,noun,5,true,2,I,V
IW,Valid English Scrabble word: IW,noun,5,true,2,I,W
IX,Valid English Scrabble word: IX,noun,9,true,2,I,X
IY,Valid English Scrabble word: IY,noun,5,true,2,I,Y
IZ,Valid English Scrabble word: IZ,noun,11,true,2,I,Z
JA,Valid English Scrabble word: JA,noun,9,true,2,J,A
JAZZ,Valid English Scrabble word: JAZZ,noun,29,true,4,J,Z
JE,Valid English Scrabble word: JE,noun,9,true,2,J,E
JI,Valid English Scrabble word: JI,noun,9,true,2,J,I
JO,Valid English Scrabble word: JO,noun,9,true,2,J,O
JU,Valid English Scrabble word: JU,noun,9,true,2,J,U
KA,Valid English Scrabble word: KA,noun,6,true,2,K,A
KE,Valid English Scrabble word: KE,noun,6,true,2,K,E
LIFE,Valid English Scrabble word: LIFE,noun,7,true,4,L,E
LIFEED,Valid English Scrabble word: LIFEED,noun,10,true,6,L,D
LIFEER,Valid English Scrabble word: LIFEER,noun,9,true,6,L,R
LIFEEST,Valid English Scrabble word: LIFEEST,noun,10,true,7,L,T
LIFEING,Valid English Scrabble word: LIFEING,noun,11,true,7,L,G
LIFELY,Valid English Scrabble word: LIFELY,noun,12,true,6,L,Y
LIFEMENT,Valid English Scrabble word: LIFEMENT,noun,13,true,8,L,T
LIFENESS,Valid English Scrabble word: LIFENESS,noun,11,true,8,L,S
LIFETION,Valid English Scrabble word: LIFETION,noun,11,true,8,L,N
LYNX,Valid English Scrabble word: LYNX,noun,14,true,4,L,X
MOON,Valid English Scrabble word: MOON,noun,6,true,4,M,N
NEW,Valid English Scrabble word: NEW,noun,6,true,3,N,W
NIGHT,Valid English Scrabble word: NIGHT,noun,9,true,5,N,T
NIGHTED,Valid English Scrabble word: NIGHTED,noun,12,true,7,N,D
NIGHTER,Valid English Scrabble word: NIGHTER,noun,11,true,7,N,R
NIGHTEST,Valid English Scrabble word: NIGHTEST,noun,12,true,8,N,T
NIGHTING,Valid English Scrabble word: NIGHTING,noun,13,true,8,N,G
NIGHTLY,Valid English Scrabble word: NIGHTLY,noun,14,true,7,N,Y
NIGHTMENT,Valid English Scrabble word: NIGHTMENT,noun,15,true,9,N,T
NIGHTNESS,Valid English Scrabble word: NIGHTNESS,noun,13,true,9,N,S
NIGHTTION,Valid English Scrabble word: NIGHTTION,noun,13,true,9,N,N
OLD,Valid English Scrabble word: OLD,noun,4,true,3,O,D
ONYX,Valid English Scrabble word: ONYX,noun,14,true,4,O,X
OVERBOOK,Valid English Scrabble word: OVERBOOK,noun,17,true,8,O,K
OVERCAR,Valid English Scrabble word: OVERCAR,noun,12,true,7,O,R
OVERCAT,Valid English Scrabble word: OVERCAT,noun,12,true,7,O,T
OVERCHAIR,Valid English Scrabble word: OVERCHAIR,noun,17,true,9,O,R
OVERCITY,Valid English Scrabble word: OVERCITY,noun,16,true,8,O,Y
OVERCOUNTRY,Valid English Scrabble word: OVERCOUNTRY,noun,19,true,11,O,Y
OVERDAY,Valid English Scrabble word: OVERDAY,noun,14,true,7,O,Y
OVERDOG,Valid English Scrabble word: OVERDOG,noun,12,true,7,O,G
OVERDOOR,Valid English Scrabble word: OVERDOOR,noun,12,true,8,O,R
OVERFLOWER,Valid English Scrabble word: OVERFLOWER,noun,19,true,10,O,R
OVERHOUSE,Valid English Scrabble word: OVERHOUSE,noun,15,true,9,O,E
OVERLIFE,Valid English Scrabble word: OVERLIFE,noun,14,true,8,O,E
OVERNIGHT,Valid English Scrabble word: OVERNIGHT,noun,16,true,9,O,T
OVERROAD,Valid English Scrabble word: OVERROAD,noun,12,true,8,O,D
OVERSUN,Valid English Scrabble word: OVERSUN,noun,10,true,7,O,N
OVERTABLE,Valid English Scrabble word: OVERTABLE,noun,14,true,9,O,E
OVERTIME,Valid English Scrabble word: OVERTIME,noun,13,true,8,O,E
OVERTREE,Valid English Scrabble word: OVERTREE,noun,11,true,8,O,E
OVERWINDOW,Valid English Scrabble word: OVERWINDOW,noun,20,true,10,O,W
OVERWORLD,Valid English Scrabble word: OVERWORLD,noun,16,true,9,O,D
OXEN,Valid English Scrabble word: OXEN,noun,11,true,4,O,N
PLAY,Valid English Scrabble word: PLAY,noun,9,true,4,P,Y
PLAYED,Valid English Scrabble word: PLAYED,noun,12,true,6,P,D
PLAYER,Valid English Scrabble word: PLAYER,noun,11,true,6,P,R
PLAYERS,Valid English Scrabble word: PLAYERS,noun,12,true,7,P,S
PLAYING,Valid English Scrabble word: PLAYING,noun,13,true,7,P,G
PLAYS,Valid English Scrabble word: PLAYS,noun,10,true,5,P,S
PREBOOK,Valid English Scrabble word: PREBOOK,noun,15,true,7,P,K
PRECAR,Valid English Scrabble word: PRECAR,noun,10,true,6,P,R
PRECAT,Valid English Scrabble word: PRECAT,noun,10,true,6,P,T
PRECHAIR,Valid English Scrabble word: PRECHAIR,noun,15,true,8,P,R
PRECITY,Valid English Scrabble word: PRECITY,noun,14,true,7,P,Y
PRECOUNTRY,Valid English Scrabble word: PRECOUNTRY,noun,17,true,10,P,Y
PREDAY,Valid English Scrabble word: PREDAY,noun,12,true,6,P,Y
PREDOG,Valid English Scrabble word: PREDOG,noun,10,true,6,P,G
PREDOOR,Valid English Scrabble word: PREDOOR,noun,10,true,7,P,R
PREFLOWER,Valid English Scrabble word: PREFLOWER,noun,17,true,9,P,R
PREHOUSE,Valid English Scrabble word: PREHOUSE,noun,13,true,8,P,E
PRELIFE,Valid English Scrabble word: PRELIFE,noun,12,true,7,P,E
PRENIGHT,Valid English Scrabble word: PRENIGHT,noun,14,true,8,P,T
PREROAD,Valid English Scrabble word: PREROAD,noun,10,true,7,P,D
PRESUN,Valid English Scrabble word: PRESUN,noun,8,true,6,P,N
PRETABLE,Valid English Scrabble word: PRETABLE,noun,12,true,8,P,E
PRETIME,Valid English Scrabble word: PRETIME,noun,11,true,7,P,E
PRETREE,Valid English Scrabble word: PRETREE,noun,9,true,7,P,E
PREWINDOW,Valid English Scrabble word: PREWINDOW,noun,18,true,9,P,W
PREWORLD,Valid English Scrabble word: PREWORLD,noun,14,true,8,P,D
QUAY,Valid English Scrabble word: QUAY,noun,16,true,4,Q,Y
QUID,Valid English Scrabble word: QUID,noun,14,true,4,Q,D
QUIP,Valid English Scrabble word: QUIP,noun,15,true,4,Q,P
QUIZ,Valid English Scrabble word: QUIZ,noun,22,true,4,Q,Z
RAIN,Valid English Scrabble word: RAIN,noun,4,true,4,R,N
REBOOK,Valid English Scrabble word: REBOOK,noun,12,true,6,R,K
RECAR,Valid English Scrabble word: RECAR,noun,7,true,5,R,R
RECAT,Valid English Scrabble word: RECAT,noun,7,true,5,R,T
RECHAIR,Valid English Scrabble word: RECHAIR,noun,12,true,7,R,R
RECITY,Valid English Scrabble word: RECITY,noun,11,true,6,R,Y
RECOUNTRY,Valid English Scrabble word: RECOUNTRY,noun,14,true,9,R,Y
REDAY,Valid English Scrabble word: REDAY,noun,9,true,5,R,Y
REDOG,Valid English Scrabble word: REDOG,noun,7,true,5,R,G
REDOOR,Valid English Scrabble word: REDOOR,noun,7,true,6,R,R
REFLOWER,Valid English Scrabble word: REFLOWER,noun,14,true,8,R,R
REHOUSE,Valid English Scrabble word: REHOUSE,noun,10,true,7,R,E
RELIFE,Valid English Scrabble word: RELIFE,noun,9,true,6,R,E
RENIGHT,Valid English Scrabble word: RENIGHT,noun,11,true,7,R,T
REROAD,Valid English Scrabble word: REROAD,noun,7,true,6,R,D
RESUN,Valid English Scrabble word: RESUN,noun,5,true,5,R,N
RETABLE,Valid English Scrabble word: RETABLE,noun,9,true,7,R,E
RETIME,Valid English Scrabble word: RETIME,noun,8,true,6,R,E
RETREE,Valid English Scrabble word: RETREE,noun,6,true,6,R,E
REWINDOW,Valid English Scrabble word: REWINDOW,noun,15,true,8,R,W
REWORLD,Valid English Scrabble word: REWORLD,noun,11,true,7,R,D
ROAD,Valid English Scrabble word: ROAD,noun,5,true,4,R,D
ROADED,Valid English Scrabble word: ROADED,noun,8,true,6,R,D
ROADER,Valid English Scrabble word: ROADER,noun,7,true,6,R,R
ROADEST,Valid English Scrabble word: ROADEST,noun,8,true,7,R,T
ROADING,Valid English Scrabble word: ROADING,noun,9,true,7,R,G
ROADLY,Valid English Scrabble word: ROADLY,noun,10,true,6,R,Y
ROADMENT,Valid English Scrabble word: ROADMENT,noun,11,true,8,R,T
ROADNESS,Valid English Scrabble word: ROADNESS,noun,9,true,8,R,S
ROADS,Valid English Scrabble word: ROADS,noun,6,true,5,R,S
ROADTION,Valid English Scrabble word: ROADTION,noun,9,true,8,R,N
SLEEP,Valid English Scrabble word: SLEEP,noun,7,true,5,S,P
SLEEPER,Valid English Scrabble word: SLEEPER,noun,9,true,7,S,R
SLEEPERS,Valid English Scrabble word: SLEEPERS,noun,10,true,8,S,S
SLEEPING,Valid English Scrabble word: SLEEPING,noun,11,true,8,S,G
SLEEPS,Valid English Scrabble word: SLEEPS,noun,8,true,6,S,S
SLEPT,Valid English Scrabble word: SLEPT,noun,7,true,5,S,T
SMALL,Valid English Scrabble word: SMALL,noun,7,true,5,S,L
SNOW,Valid English Scrabble word: SNOW,noun,7,true,4,S,W
STAR,Valid English Scrabble word: STAR,noun,4,true,4,S,R
SUBBOOK,Valid English Scrabble word: SUBBOOK,noun,15,true,7,S,K
SUBCAR,Valid English Scrabble word: SUBCAR,noun,10,true,6,S,R
SUBCAT,Valid English Scrabble word: SUBCAT,noun,10,true,6,S,T
SUBCHAIR,Valid English Scrabble word: SUBCHAIR,noun,15,true,8,S,R
SUBCITY,Valid English Scrabble word: SUBCITY,noun,14,true,7,S,Y
SUBCOUNTRY,Valid English Scrabble word: SUBCOUNTRY,noun,17,true,10,S,Y
SUBDAY,Valid English Scrabble word: SUBDAY,noun,12,true,6,S,Y
SUBDOG,Valid English Scrabble word: SUBDOG,noun,10,true,6,S,G
SUBDOOR,Valid English Scrabble word: SUBDOOR,noun,10,true,7,S,R
SUBFLOWER,Valid English Scrabble word: SUBFLOWER,noun,17,true,9,S,R
SUBHOUSE,Valid English Scrabble word: SUBHOUSE,noun,13,true,8,S,E
SUBLIFE,Valid English Scrabble word: SUBLIFE,noun,12,true,7,S,E
SUBNIGHT,Valid English Scrabble word: SUBNIGHT,noun,14,true,8,S,T
SUBROAD,Valid English Scrabble word: SUBROAD,noun,10,true,7,S,D
SUBSUN,Valid English Scrabble word: SUBSUN,noun,8,true,6,S,N
SUBTABLE,Valid English Scrabble word: SUBTABLE,noun,12,true,8,S,E
SUBTIME,Valid English Scrabble word: SUBTIME,noun,11,true,7,S,E
SUBTREE,Valid English Scrabble word: SUBTREE,noun,9,true,7,S,E
SUBWINDOW,Valid English Scrabble word: SUBWINDOW,noun,18,true,9,S,W
SUBWORLD,Valid English Scrabble word: SUBWORLD,noun,14,true,8,S,D
SUN,Valid English Scrabble word: SUN,noun,3,true,3,S,N
SUNED,Valid English Scrabble word: SUNED,noun,6,true,5,S,D
SUNER,Valid English Scrabble word: SUNER,noun,5,true,5,S,R
SUNEST,Valid English Scrabble word: SUNEST,noun,6,true,6,S,T
SUNING,Valid English Scrabble word: SUNING,noun,7,true,6,S,G
SUNLY,Valid English Scrabble word: SUNLY,noun,8,true,5,S,Y
SUNMENT,Valid English Scrabble word: SUNMENT,noun,9,true,7,S,T
SUNNESS,Valid English Scrabble word: SUNNESS,noun,7,true,7,S,S
SUNTION,Valid English Scrabble word: SUNTION,noun,7,true,7,S,N
TABLE,Valid English Scrabble word: TABLE,noun,7,true,5,T,E
TABLEED,Valid English Scrabble word: TABLEED,noun,10,true,7,T,D
TABLEER,Valid English Scrabble word: TABLEER,noun,9,true,7,T,R
TABLEEST,Valid English Scrabble word: TABLEEST,noun,10,true,8,T,T
TABLEING,Valid English Scrabble word: TABLEING,noun,11,true,8,T,G
TABLELY,Valid English Scrabble word: TABLELY,noun,12,true,7,T,Y
TABLEMENT,Valid English Scrabble word: TABLEMENT,noun,13,true,9,T,T
TABLENESS,Valid English Scrabble word: TABLENESS,noun,11,true,9,T,S
TABLES,Valid English Scrabble word: TABLES,noun,8,true,6,T,S
TABLETION,Valid English Scrabble word: TABLETION,noun,11,true,9,T,N
TIME,Valid English Scrabble word: TIME,noun,6,true,4,T,E
TIMEED,Valid English Scrabble word: TIMEED,noun,9,true,6,T,D
TIMEER,Valid English Scrabble word: TIMEER,noun,8,true,6,T,R
TIMEEST,Valid English Scrabble word: TIMEEST,noun,9,true,7,T,T
TIMEING,Valid English Scrabble word: TIMEING,noun,10,true,7,T,G
TIMELY,Valid English Scrabble word: TIMELY,noun,11,true,6,T,Y
TIMEMENT,Valid English Scrabble word: TIMEMENT,noun,12,true,8,T,T
TIMENESS,Valid English Scrabble word: TIMENESS,noun,10,true,8,T,S
TIMETION,Valid English Scrabble word: TIMETION,noun,10,true,8,T,N
TREE,Valid English Scrabble word: TREE,noun,4,true,4,T,E
TREEED,Valid English Scrabble word: TREEED,noun,7,true,6,T,D
TREEER,Valid English Scrabble word: TREEER,noun,6,true,6,T,R
TREEEST,Valid English Scrabble word: TREEEST,noun,7,true,7,T,T
TREEING,Valid English Scrabble word: TREEING,noun,8,true,7,T,G
TREELY,Valid English Scrabble word: TREELY,noun,9,true,6,T,Y
TREEMENT,Valid English Scrabble word: TREEMENT,noun,10,true,8,T,T
TREENESS,Valid English Scrabble word: TREENESS,noun,8,true,8,T,S
TREES,Valid English Scrabble word: TREES,noun,5,true,5,T,S
TREETION,Valid English Scrabble word: TREETION,noun,8,true,8,T,N
UGLY,Valid English Scrabble word: UGLY,noun,8,true,4,U,Y
UNBOOK,Valid English Scrabble word: UNBOOK,noun,12,true,6,U,K
UNCAR,Valid English Scrabble word: UNCAR,noun,7,true,5,U,R
UNCAT,Valid English Scrabble word: UNCAT,noun,7,true,5,U,T
UNCHAIR,Valid English Scrabble word: UNCHAIR,noun,12,true,7,U,R
UNCITY,Valid English Scrabble word: UNCITY,noun,11,true,6,U,Y
UNCOUNTRY,Valid English Scrabble word: UNCOUNTRY,noun,14,true,9,U,Y
UNDAY,Valid English Scrabble word: UNDAY,noun,9,true,5,U,Y
UNDOG,Valid English Scrabble word: UNDOG,noun,7,true,5,U,G
UNDOOR,Valid English Scrabble word: UNDOOR,noun,7,true,6,U,R
UNFLOWER,Valid English Scrabble word: UNFLOWER,noun,14,true,8,U,R
UNHOUSE,Valid English Scrabble word: UNHOUSE,noun,10,true,7,U,E
UNLIFE,Valid English Scrabble word: UNLIFE,noun,9,true,6,U,E
UNNIGHT,Valid English Scrabble word: UNNIGHT,noun,11,true,7,U,T
UNROAD,Valid English Scrabble word: UNROAD,noun,7,true,6,U,D
UNSUN,Valid English Scrabble word: UNSUN,noun,5,true,5,U,N
UNTABLE,Valid English Scrabble word: UNTABLE,noun,9,true,7,U,E
UNTIME,Valid English Scrabble word: UNTIME,noun,8,true,6,U,E
UNTREE,Valid English Scrabble word: UNTREE,noun,6,true,6,U,E
UNWINDOW,Valid English Scrabble word: UNWINDOW,noun,15,true,8,U,W
UNWORLD,Valid English Scrabble word: UNWORLD,noun,11,true,7,U,D
WATER,Valid English Scrabble word: WATER,noun,8,true,5,W,R
WAXY,Valid English Scrabble word: WAXY,noun,17,true,4,W,Y
WIND,Valid English Scrabble word: WIND,noun,8,true,4,W,D
WINDOW,Valid English Scrabble word: WINDOW,noun,13,true,6,W,W
WINDOWED,Valid English Scrabble word: WINDOWED,noun,16,true,8,W,D
WINDOWER,Valid English Scrabble word: WINDOWER,noun,15,true,8,W,R
WINDOWEST,Valid English Scrabble word: WINDOWEST,noun,16,true,9,W,T
WINDOWING,Valid English Scrabble word: WINDOWING,noun,17,true,9,W,G
WINDOWLY,Valid English Scrabble word: WINDOWLY,noun,18,true,8,W,Y
WINDOWMENT,Valid English Scrabble word: WINDOWMENT,noun,19,true,10,W,T
WINDOWNESS,Valid English Scrabble word: WINDOWNESS,noun,17,true,10,W,S
WINDOWS,Valid English Scrabble word: WINDOWS,noun,14,true,7,W,S
WINDOWTION,Valid English Scrabble word: WINDOWTION,noun,17,true,10,W,N
WIXY,Valid English Scrabble word: WIXY,noun,17,true,4,W,Y
WORLD,Valid English Scrabble word: WORLD,noun,9,true,5,W,D
WORLDED,Valid English Scrabble word: WORLDED,noun,12,true,7,W,D
WORLDER,Valid English Scrabble word: WORLDER,noun,11,true,7,W,R
WORLDEST,Valid English Scrabble word: WORLDEST,noun,12,true,8,W,T
WORLDING,Valid English Scrabble word: WORLDING,noun,13,true,8,W,G
WORLDLY,Valid English Scrabble word: WORLDLY,noun,14,true,7,W,Y
WORLDMENT,Valid English Scrabble word: WORLDMENT,noun,15,true,9,W,T
WORLDNESS,Valid English Scrabble word: WORLDNESS,noun,13,true,9,W,S
WORLDTION,Valid English Scrabble word: WORLDTION,noun,13,true,9,W,N
YOUNG,Valid English Scrabble word: YOUNG,noun,9,true,5,Y,G
ZEAL,Valid English Scrabble word: ZEAL,noun,13,true,4,Z,L
ZONE,Valid English Scrabble word: ZONE,noun,13,true,4,Z,E
