mot,definition,categorie_grammaticale,points,valide_scrabble,longueur,premiere_lettre,derniere_lettre
AAAB,Mot français valide au Scrabble: AAAB,nom,6,true,4,A,B
AAAC,Mot français valide au Scrabble: AAAC,nom,6,true,4,A,C
AAAD,Mot français valide au Scrabble: AAAD,nom,5,true,4,A,D
AAAF,Mot français valide au Scrabble: AAAF,nom,7,true,4,A,F
AAAG,Mot français valide au Scrabble: AAAG,nom,5,true,4,A,G
AAAH,Mot français valide au Scrabble: AAAH,nom,7,true,4,A,H
AAAJ,Mot français valide au Scrabble: AAAJ,nom,11,true,4,A,J
AAAK,Mot français valide au Scrabble: AAAK,nom,13,true,4,A,K
AAAL,Mot français valide au Scrabble: AAAL,nom,4,true,4,A,L
AAAM,Mot français valide au Scrabble: AAAM,nom,5,true,4,A,M
AAAN,Mot français valide au Scrabble: AAAN,nom,4,true,4,A,N
AAAP,Mot français valide au Scrabble: AAAP,nom,6,true,4,A,P
AAAQ,Mot français valide au Scrabble: AAAQ,nom,11,true,4,A,Q
AAAR,Mot français valide au Scrabble: AAAR,nom,4,true,4,A,R
AAAS,Mot français valide au Scrabble: AAAS,nom,4,true,4,A,S
AAAT,Mot français valide au Scrabble: AAAT,nom,4,true,4,A,T
AAAV,Mot français valide au Scrabble: AAAV,nom,7,true,4,A,V
AAAW,Mot français valide au Scrabble: AAAW,nom,13,true,4,A,W
AAAX,Mot français valide au Scrabble: AAAX,nom,13,true,4,A,X
AAAY,Mot français valide au Scrabble: AAAY,nom,13,true,4,A,Y
AAAZ,Mot français valide au Scrabble: AAAZ,nom,13,true,4,A,Z
AAB,Mot français valide au Scrabble: AAB,nom,5,true,3,A,B
AABA,Mot français valide au Scrabble: AABA,nom,6,true,4,A,A
AABB,Mot français valide au Scrabble: AABB,nom,8,true,4,A,B
AABC,Mot français valide au Scrabble: AABC,nom,8,true,4,A,C
AABD,Mot français valide au Scrabble: AABD,nom,7,true,4,A,D
AABE,Mot français valide au Scrabble: AABE,nom,6,true,4,A,E
AABF,Mot français valide au Scrabble: AABF,nom,9,true,4,A,F
AABG,Mot français valide au Scrabble: AABG,nom,7,true,4,A,G
AABH,Mot français valide au Scrabble: AABH,nom,9,true,4,A,H
AABI,Mot français valide au Scrabble: AABI,nom,6,true,4,A,I
AABJ,Mot français valide au Scrabble: AABJ,nom,13,true,4,A,J
AABK,Mot français valide au Scrabble: AABK,nom,15,true,4,A,K
AABL,Mot français valide au Scrabble: AABL,nom,6,true,4,A,L
AABM,Mot français valide au Scrabble: AABM,nom,7,true,4,A,M
AABN,Mot français valide au Scrabble: AABN,nom,6,true,4,A,N
AABO,Mot français valide au Scrabble: AABO,nom,6,true,4,A,O
AABP,Mot français valide au Scrabble: AABP,nom,8,true,4,A,P
AABQ,Mot français valide au Scrabble: AABQ,nom,13,true,4,A,Q
AABR,Mot français valide au Scrabble: AABR,nom,6,true,4,A,R
AABS,Mot français valide au Scrabble: AABS,nom,6,true,4,A,S
AABT,Mot français valide au Scrabble: AABT,nom,6,true,4,A,T
AABU,Mot français valide au Scrabble: AABU,nom,6,true,4,A,U
AABV,Mot français valide au Scrabble: AABV,nom,9,true,4,A,V
AABW,Mot français valide au Scrabble: AABW,nom,15,true,4,A,W
AABX,Mot français valide au Scrabble: AABX,nom,15,true,4,A,X
AABY,Mot français valide au Scrabble: AABY,nom,15,true,4,A,Y
AABZ,Mot français valide au Scrabble: AABZ,nom,15,true,4,A,Z
AAC,Mot français valide au Scrabble: AAC,nom,5,true,3,A,C
AACA,Mot français valide au Scrabble: AACA,nom,6,true,4,A,A
AACB,Mot français valide au Scrabble: AACB,nom,8,true,4,A,B
AACC,Mot français valide au Scrabble: AACC,nom,8,true,4,A,C
AACD,Mot français valide au Scrabble: AACD,nom,7,true,4,A,D
AACE,Mot français valide au Scrabble: AACE,nom,6,true,4,A,E
AACF,Mot français valide au Scrabble: AACF,nom,9,true,4,A,F
AACG,Mot français valide au Scrabble: AACG,nom,7,true,4,A,G
AACH,Mot français valide au Scrabble: AACH,nom,9,true,4,A,H
AACI,Mot français valide au Scrabble: AACI,nom,6,true,4,A,I
AACJ,Mot français valide au Scrabble: AACJ,nom,13,true,4,A,J
AACK,Mot français valide au Scrabble: AACK,nom,15,true,4,A,K
AACL,Mot français valide au Scrabble: AACL,nom,6,true,4,A,L
AACM,Mot français valide au Scrabble: AACM,nom,7,true,4,A,M
AACN,Mot français valide au Scrabble: AACN,nom,6,true,4,A,N
AACO,Mot français valide au Scrabble: AACO,nom,6,true,4,A,O
AACP,Mot français valide au Scrabble: AACP,nom,8,true,4,A,P
AACQ,Mot français valide au Scrabble: AACQ,nom,13,true,4,A,Q
AACR,Mot français valide au Scrabble: AACR,nom,6,true,4,A,R
AACS,Mot français valide au Scrabble: AACS,nom,6,true,4,A,S
AACT,Mot français valide au Scrabble: AACT,nom,6,true,4,A,T
AACU,Mot français valide au Scrabble: AACU,nom,6,true,4,A,U
AACV,Mot français valide au Scrabble: AACV,nom,9,true,4,A,V
AACW,Mot français valide au Scrabble: AACW,nom,15,true,4,A,W
AACX,Mot français valide au Scrabble: AACX,nom,15,true,4,A,X
AACY,Mot français valide au Scrabble: AACY,nom,15,true,4,A,Y
AACZ,Mot français valide au Scrabble: AACZ,nom,15,true,4,A,Z
AAD,Mot français valide au Scrabble: AAD,nom,4,true,3,A,D
AADA,Mot français valide au Scrabble: AADA,nom,5,true,4,A,A
AADB,Mot français valide au Scrabble: AADB,nom,7,true,4,A,B
AADC,Mot français valide au Scrabble: AADC,nom,7,true,4,A,C
AADD,Mot français valide au Scrabble: AADD,nom,6,true,4,A,D
AADE,Mot français valide au Scrabble: AADE,nom,5,true,4,A,E
AADF,Mot français valide au Scrabble: AADF,nom,8,true,4,A,F
AADG,Mot français valide au Scrabble: AADG,nom,6,true,4,A,G
AADH,Mot français valide au Scrabble: AADH,nom,8,true,4,A,H
AADI,Mot français valide au Scrabble: AADI,nom,5,true,4,A,I
AADJ,Mot français valide au Scrabble: AADJ,nom,12,true,4,A,J
AADK,Mot français valide au Scrabble: AADK,nom,14,true,4,A,K
AADL,Mot français valide au Scrabble: AADL,nom,5,true,4,A,L
AADM,Mot français valide au Scrabble: AADM,nom,6,true,4,A,M
AADN,Mot français valide au Scrabble: AADN,nom,5,true,4,A,N
AADO,Mot français valide au Scrabble: AADO,nom,5,true,4,A,O
AADP,Mot français valide au Scrabble: AADP,nom,7,true,4,A,P
AADQ,Mot français valide au Scrabble: AADQ,nom,12,true,4,A,Q
AADR,Mot français valide au Scrabble: AADR,nom,5,true,4,A,R
AADS,Mot français valide au Scrabble: AADS,nom,5,true,4,A,S
AADT,Mot français valide au Scrabble: AADT,nom,5,true,4,A,T
AADU,Mot français valide au Scrabble: AADU,nom,5,true,4,A,U
AADV,Mot français valide au Scrabble: AADV,nom,8,true,4,A,V
AADW,Mot français valide au Scrabble: AADW,nom,14,true,4,A,W
AADX,Mot français valide au Scrabble: AADX,nom,14,true,4,A,X
AADY,Mot français valide au Scrabble: AADY,nom,14,true,4,A,Y
AADZ,Mot français valide au Scrabble: AADZ,nom,14,true,4,A,Z
AAEB,Mot français valide au Scrabble: AAEB,nom,6,true,4,A,B
AAF,Mot français valide au Scrabble: AAF,nom,6,true,3,A,F
AAG,Mot français valide au Scrabble: AAG,nom,4,true,3,A,G
AAH,Mot français valide au Scrabble: AAH,nom,6,true,3,A,H
AAJ,Mot français valide au Scrabble: AAJ,nom,10,true,3,A,J
AAK,Mot français valide au Scrabble: AAK,nom,12,true,3,A,K
AAL,Mot français valide au Scrabble: AAL,nom,3,true,3,A,L
AAM,Mot français valide au Scrabble: AAM,nom,4,true,3,A,M
AAN,Mot français valide au Scrabble: AAN,nom,3,true,3,A,N
AAP,Mot français valide au Scrabble: AAP,nom,5,true,3,A,P
AAQ,Mot français valide au Scrabble: AAQ,nom,10,true,3,A,Q
AAR,Mot français valide au Scrabble: AAR,nom,3,true,3,A,R
AAS,Mot français valide au Scrabble: AAS,nom,3,true,3,A,S
AAT,Mot français valide au Scrabble: AAT,nom,3,true,3,A,T
AAV,Mot français valide au Scrabble: AAV,nom,6,true,3,A,V
AAW,Mot français valide au Scrabble: AAW,nom,12,true,3,A,W
AAX,Mot français valide au Scrabble: AAX,nom,12,true,3,A,X
AAY,Mot français valide au Scrabble: AAY,nom,12,true,3,A,Y
AAZ,Mot français valide au Scrabble: AAZ,nom,12,true,3,A,Z
AB,Mot français valide au Scrabble: AB,nom,4,true,2,A,B
ABA,Mot français valide au Scrabble: ABA,nom,5,true,3,A,A
ABB,Mot français valide au Scrabble: ABB,nom,7,true,3,A,B
ABC,Mot français valide au Scrabble: ABC,nom,7,true,3,A,C
ABD,Mot français valide au Scrabble: ABD,nom,6,true,3,A,D
ABE,Mot français valide au Scrabble: ABE,nom,5,true,3,A,E
ABF,Mot français valide au Scrabble: ABF,nom,8,true,3,A,F
ABG,Mot français valide au Scrabble: ABG,nom,6,true,3,A,G
ABH,Mot français valide au Scrabble: ABH,nom,8,true,3,A,H
ABI,Mot français valide au Scrabble: ABI,nom,5,true,3,A,I
ABJ,Mot français valide au Scrabble: ABJ,nom,12,true,3,A,J
ABK,Mot français valide au Scrabble: ABK,nom,14,true,3,A,K
ABL,Mot français valide au Scrabble: ABL,nom,5,true,3,A,L
ABM,Mot français valide au Scrabble: ABM,nom,6,true,3,A,M
ABN,Mot français valide au Scrabble: ABN,nom,5,true,3,A,N
ABO,Mot français valide au Scrabble: ABO,nom,5,true,3,A,O
ABP,Mot français valide au Scrabble: ABP,nom,7,true,3,A,P
ABQ,Mot français valide au Scrabble: ABQ,nom,12,true,3,A,Q
ABR,Mot français valide au Scrabble: ABR,nom,5,true,3,A,R
ABS,Mot français valide au Scrabble: ABS,nom,5,true,3,A,S
ABT,Mot français valide au Scrabble: ABT,nom,5,true,3,A,T
ABU,Mot français valide au Scrabble: ABU,nom,5,true,3,A,U
ABV,Mot français valide au Scrabble: ABV,nom,8,true,3,A,V
ABW,Mot français valide au Scrabble: ABW,nom,14,true,3,A,W
ABX,Mot français valide au Scrabble: ABX,nom,14,true,3,A,X
ABY,Mot français valide au Scrabble: ABY,nom,14,true,3,A,Y
ABZ,Mot français valide au Scrabble: ABZ,nom,14,true,3,A,Z
AC,Mot français valide au Scrabble: AC,nom,4,true,2,A,C
ACA,Mot français valide au Scrabble: ACA,nom,5,true,3,A,A
ACB,Mot français valide au Scrabble: ACB,nom,7,true,3,A,B
ACC,Mot français valide au Scrabble: ACC,nom,7,true,3,A,C
ACD,Mot français valide au Scrabble: ACD,nom,6,true,3,A,D
ACE,Mot français valide au Scrabble: ACE,nom,5,true,3,A,E
ACF,Mot français valide au Scrabble: ACF,nom,8,true,3,A,F
ACG,Mot français valide au Scrabble: ACG,nom,6,true,3,A,G
ACH,Mot français valide au Scrabble: ACH,nom,8,true,3,A,H
ACI,Mot français valide au Scrabble: ACI,nom,5,true,3,A,I
ACJ,Mot français valide au Scrabble: ACJ,nom,12,true,3,A,J
ACK,Mot français valide au Scrabble: ACK,nom,14,true,3,A,K
ACL,Mot français valide au Scrabble: ACL,nom,5,true,3,A,L
ACM,Mot français valide au Scrabble: ACM,nom,6,true,3,A,M
ACN,Mot français valide au Scrabble: ACN,nom,5,true,3,A,N
ACO,Mot français valide au Scrabble: ACO,nom,5,true,3,A,O
ACP,Mot français valide au Scrabble: ACP,nom,7,true,3,A,P
ACQ,Mot français valide au Scrabble: ACQ,nom,12,true,3,A,Q
ACR,Mot français valide au Scrabble: ACR,nom,5,true,3,A,R
ACS,Mot français valide au Scrabble: ACS,nom,5,true,3,A,S
ACT,Mot français valide au Scrabble: ACT,nom,5,true,3,A,T
ACU,Mot français valide au Scrabble: ACU,nom,5,true,3,A,U
ACV,Mot français valide au Scrabble: ACV,nom,8,true,3,A,V
ACW,Mot français valide au Scrabble: ACW,nom,14,true,3,A,W
ACX,Mot français valide au Scrabble: ACX,nom,14,true,3,A,X
ACY,Mot français valide au Scrabble: ACY,nom,14,true,3,A,Y
ACZ,Mot français valide au Scrabble: ACZ,nom,14,true,3,A,Z
AD,Mot français valide au Scrabble: AD,nom,3,true,2,A,D
ADA,Mot français valide au Scrabble: ADA,nom,4,true,3,A,A
ADB,Mot français valide au Scrabble: ADB,nom,6,true,3,A,B
ADC,Mot français valide au Scrabble: ADC,nom,6,true,3,A,C
ADD,Mot français valide au Scrabble: ADD,nom,5,true,3,A,D
ADE,Mot français valide au Scrabble: ADE,nom,4,true,3,A,E
ADF,Mot français valide au Scrabble: ADF,nom,7,true,3,A,F
ADG,Mot français valide au Scrabble: ADG,nom,5,true,3,A,G
ADH,Mot français valide au Scrabble: ADH,nom,7,true,3,A,H
ADI,Mot français valide au Scrabble: ADI,nom,4,true,3,A,I
ADJ,Mot français valide au Scrabble: ADJ,nom,11,true,3,A,J
ADK,Mot français valide au Scrabble: ADK,nom,13,true,3,A,K
ADL,Mot français valide au Scrabble: ADL,nom,4,true,3,A,L
ADM,Mot français valide au Scrabble: ADM,nom,5,true,3,A,M
ADN,Mot français valide au Scrabble: ADN,nom,4,true,3,A,N
ADO,Mot français valide au Scrabble: ADO,nom,4,true,3,A,O
ADP,Mot français valide au Scrabble: ADP,nom,6,true,3,A,P
ADQ,Mot français valide au Scrabble: ADQ,nom,11,true,3,A,Q
ADR,Mot français valide au Scrabble: ADR,nom,4,true,3,A,R
ADS,Mot français valide au Scrabble: ADS,nom,4,true,3,A,S
ADT,Mot français valide au Scrabble: ADT,nom,4,true,3,A,T
ADU,Mot français valide au Scrabble: ADU,nom,4,true,3,A,U
ADV,Mot français valide au Scrabble: ADV,nom,7,true,3,A,V
ADW,Mot français valide au Scrabble: ADW,nom,13,true,3,A,W
ADX,Mot français valide au Scrabble: ADX,nom,13,true,3,A,X
ADY,Mot français valide au Scrabble: ADY,nom,13,true,3,A,Y
ADZ,Mot français valide au Scrabble: ADZ,nom,13,true,3,A,Z
AEB,Mot français valide au Scrabble: AEB,nom,5,true,3,A,B
AF,Mot français valide au Scrabble: AF,nom,5,true,2,A,F
AG,Mot français valide au Scrabble: AG,nom,3,true,2,A,G
AH,Mot français valide au Scrabble: AH,nom,5,true,2,A,H
AIR,Mot français valide au Scrabble: AIR,nom,3,true,3,A,R
AJ,Mot français valide au Scrabble: AJ,nom,9,true,2,A,J
AK,Mot français valide au Scrabble: AK,nom,11,true,2,A,K
AL,Mot français valide au Scrabble: AL,nom,2,true,2,A,L
AM,Mot français valide au Scrabble: AM,nom,3,true,2,A,M
AN,Mot français valide au Scrabble: AN,nom,2,true,2,A,N
ANTIARBRE,Mot français valide au Scrabble: ANTIARBRE,nom,11,true,9,A,E
ANTICHAISE,Mot français valide au Scrabble: ANTICHAISE,nom,15,true,10,A,E
ANTICHAT,Mot français valide au Scrabble: ANTICHAT,nom,13,true,8,A,T
ANTICHIEN,Mot français valide au Scrabble: ANTICHIEN,nom,14,true,9,A,N
ANTIFENETRE,Mot français valide au Scrabble: ANTIFENETRE,nom,14,true,11,A,E
ANTIFLEUR,Mot français valide au Scrabble: ANTIFLEUR,nom,12,true,9,A,R
ANTIJOUR,Mot français valide au Scrabble: ANTIJOUR,nom,15,true,8,A,R
ANTILIVRE,Mot français valide au Scrabble: ANTILIVRE,nom,12,true,9,A,E
ANTIMAISON,Mot français valide au Scrabble: ANTIMAISON,nom,11,true,10,A,N
ANTIMONDE,Mot français valide au Scrabble: ANTIMONDE,nom,11,true,9,A,E
ANTINUIT,Mot français valide au Scrabble: ANTINUIT,nom,8,true,8,A,T
ANTIPAYS,Mot français valide au Scrabble: ANTIPAYS,nom,19,true,8,A,S
ANTIPORTE,Mot français valide au Scrabble: ANTIPORTE,nom,11,true,9,A,E
ANTIROUTE,Mot français valide au Scrabble: ANTIROUTE,nom,9,true,9,A,E
ANTISOLEIL,Mot français valide au Scrabble: ANTISOLEIL,nom,10,true,10,A,L
ANTITABLE,Mot français valide au Scrabble: ANTITABLE,nom,11,true,9,A,E
ANTITEMPS,Mot français valide au Scrabble: ANTITEMPS,nom,12,true,9,A,S
ANTIVIE,Mot français valide au Scrabble: ANTIVIE,nom,10,true,7,A,E
ANTIVILLE,Mot français valide au Scrabble: ANTIVILLE,nom,12,true,9,A,E
ANTIVOITURE,Mot français valide au Scrabble: ANTIVOITURE,nom,14,true,11,A,E
AP,Mot français valide au Scrabble: AP,nom,4,true,2,A,P
AQ,Mot français valide au Scrabble: AQ,nom,9,true,2,A,Q
AR,Mot français valide au Scrabble: AR,nom,2,true,2,A,R
ARBRE,Mot français valide au Scrabble: ARBRE,nom,7,true,5,A,E
ARBREABLE,Mot français valide au Scrabble: ARBREABLE,nom,13,true,9,A,E
ARBREAGE,Mot français valide au Scrabble: ARBREAGE,nom,11,true,8,A,E
ARBREEUR,Mot français valide au Scrabble: ARBREEUR,nom,10,true,8,A,R
ARBREIQUE,Mot français valide au Scrabble: ARBREIQUE,nom,18,true,9,A,E
ARBREISME,Mot français valide au Scrabble: ARBREISME,nom,12,true,9,A,E
ARBREISTE,Mot français valide au Scrabble: ARBREISTE,nom,11,true,9,A,E
ARBREMENT,Mot français valide au Scrabble: ARBREMENT,nom,12,true,9,A,T
ARBRES,Mot français valide au Scrabble: ARBRES,nom,8,true,6,A,S
ARBRETION,Mot français valide au Scrabble: ARBRETION,nom,11,true,9,A,N
AS,Mot français valide au Scrabble: AS,nom,2,true,2,A,S
AT,Mot français valide au Scrabble: AT,nom,2,true,2,A,T
AUTOARBRE,Mot français valide au Scrabble: AUTOARBRE,nom,11,true,9,A,E
AUTOCHAISE,Mot français valide au Scrabble: AUTOCHAISE,nom,15,true,10,A,E
AUTOCHAT,Mot français valide au Scrabble: AUTOCHAT,nom,13,true,8,A,T
AUTOCHIEN,Mot français valide au Scrabble: AUTOCHIEN,nom,14,true,9,A,N
AUTOFENETRE,Mot français valide au Scrabble: AUTOFENETRE,nom,14,true,11,A,E
AUTOFLEUR,Mot français valide au Scrabble: AUTOFLEUR,nom,12,true,9,A,R
AUTOJOUR,Mot français valide au Scrabble: AUTOJOUR,nom,15,true,8,A,R
AUTOLIVRE,Mot français valide au Scrabble: AUTOLIVRE,nom,12,true,9,A,E
AUTOMAISON,Mot français valide au Scrabble: AUTOMAISON,nom,11,true,10,A,N
AUTOMONDE,Mot français valide au Scrabble: AUTOMONDE,nom,11,true,9,A,E
AUTONUIT,Mot français valide au Scrabble: AUTONUIT,nom,8,true,8,A,T
AUTOPAYS,Mot français valide au Scrabble: AUTOPAYS,nom,19,true,8,A,S
AUTOPORTE,Mot français valide au Scrabble: AUTOPORTE,nom,11,true,9,A,E
AUTOROUTE,Mot français valide au Scrabble: AUTOROUTE,nom,9,true,9,A,E
AUTOSOLEIL,Mot français valide au Scrabble: AUTOSOLEIL,nom,10,true,10,A,L
AUTOTABLE,Mot français valide au Scrabble: AUTOTABLE,nom,11,true,9,A,E
AUTOTEMPS,Mot français valide au Scrabble: AUTOTEMPS,nom,12,true,9,A,S
AUTOVIE,Mot français valide au Scrabble: AUTOVIE,nom,10,true,7,A,E
AUTOVILLE,Mot français valide au Scrabble: AUTOVILLE,nom,12,true,9,A,E
AUTOVOITURE,Mot français valide au Scrabble: AUTOVOITURE,nom,14,true,11,A,E
AV,Mot français valide au Scrabble: AV,nom,5,true,2,A,V
AW,Mot français valide au Scrabble: AW,nom,11,true,2,A,W
AX,Mot français valide au Scrabble: AX,nom,11,true,2,A,X
AXEL,Mot français valide au Scrabble: AXEL,nom,13,true,4,A,L
AY,Mot français valide au Scrabble: AY,nom,11,true,2,A,Y
AZ,Mot français valide au Scrabble: AZ,nom,11,true,2,A,Z
BA,Mot français valide au Scrabble: BA,nom,4,true,2,B,A
BE,Mot français valide au Scrabble: BE,nom,4,true,2,B,E
BEAU,Mot français valide au Scrabble: BEAU,nom,6,true,4,B,U
BI,Mot français valide au Scrabble: BI,nom,4,true,2,B,I
BO,Mot français valide au Scrabble: BO,nom,4,true,2,B,O
BON,Mot français valide au Scrabble: BON,nom,5,true,3,B,N
BU,Mot français valide au Scrabble: BU,nom,4,true,2,B,U
CA,Mot français valide au Scrabble: CA,nom,4,true,2,C,A
CE,Mot français valide au Scrabble: CE,nom,4,true,2,C,E
CHAISE,Mot français valide au Scrabble: CHAISE,nom,11,true,6,C,E
CHAISEABLE,Mot français valide au Scrabble: CHAISEABLE,nom,17,true,10,C,E
CHAISEAGE,Mot français valide au Scrabble: CHAISEAGE,nom,15,true,9,C,E
CHAISEEUR,Mot français valide au Scrabble: CHAISEEUR,nom,14,true,9,C,R
CHAISEIQUE,Mot français valide au Scrabble: CHAISEIQUE,nom,22,true,10,C,E
CHAISEISME,Mot français valide au Scrabble: CHAISEISME,nom,16,true,10,C,E
CHAISEISTE,Mot français valide au Scrabble: CHAISEISTE,nom,15,true,10,C,E
CHAISEMENT,Mot français valide au Scrabble: CHAISEMENT,nom,16,true,10,C,T
CHAISES,Mot français valide au Scrabble: CHAISES,nom,12,true,7,C,S
CHAISETION,Mot français valide au Scrabble: CHAISETION,nom,15,true,10,C,N
CHAT,Mot français valide au Scrabble: CHAT,nom,9,true,4,C,T
CHATABLE,Mot français valide au Scrabble: CHATABLE,nom,15,true,8,C,E
CHATAGE,Mot français valide au Scrabble: CHATAGE,nom,13,true,7,C,E
CHATEUR,Mot français valide au Scrabble: CHATEUR,nom,12,true,7,C,R
CHATIQUE,Mot français valide au Scrabble: CHATIQUE,nom,20,true,8,C,E
CHATISME,Mot français valide au Scrabble: CHATISME,nom,14,true,8,C,E
CHATISTE,Mot français valide au Scrabble: CHATISTE,nom,13,true,8,C,E
CHATMENT,Mot français valide au Scrabble: CHATMENT,nom,14,true,8,C,T
CHATS,Mot français valide au Scrabble: CHATS,nom,10,true,5,C,S
CHATTION,Mot français valide au Scrabble: CHATTION,nom,13,true,8,C,N
CHAUD,Mot français valide au Scrabble: CHAUD,nom,11,true,5,C,D
CHIEN,Mot français valide au Scrabble: CHIEN,nom,10,true,5,C,N
CHIENABLE,Mot français valide au Scrabble: CHIENABLE,nom,16,true,9,C,E
CHIENAGE,Mot français valide au Scrabble: CHIENAGE,nom,14,true,8,C,E
CHIENEUR,Mot français valide au Scrabble: CHIENEUR,nom,13,true,8,C,R
CHIENIQUE,Mot français valide au Scrabble: CHIENIQUE,nom,21,true,9,C,E
CHIENISME,Mot français valide au Scrabble: CHIENISME,nom,15,true,9,C,E
CHIENISTE,Mot français valide au Scrabble: CHIENISTE,nom,14,true,9,C,E
CHIENMENT,Mot français valide au Scrabble: CHIENMENT,nom,15,true,9,C,T
CHIENS,Mot français valide au Scrabble: CHIENS,nom,11,true,6,C,S
CHIENTION,Mot français valide au Scrabble: CHIENTION,nom,14,true,9,C,N
CI,Mot français valide au Scrabble: CI,nom,4,true,2,C,I
CO,Mot français valide au Scrabble: CO,nom,4,true,2,C,O
CU,Mot français valide au Scrabble: CU,nom,4,true,2,C,U
DA,Mot français valide au Scrabble: DA,nom,3,true,2,D,A
DE,Mot français valide au Scrabble: DE,nom,3,true,2,D,E
DEARBRE,Mot français valide au Scrabble: DEARBRE,nom,10,true,7,D,E
DECHAISE,Mot français valide au Scrabble: DECHAISE,nom,14,true,8,D,E
DECHAT,Mot français valide au Scrabble: DECHAT,nom,12,true,6,D,T
DECHIEN,Mot français valide au Scrabble: DECHIEN,nom,13,true,7,D,N
DEFENETRE,Mot français valide au Scrabble: DEFENETRE,nom,13,true,9,D,E
DEFLEUR,Mot français valide au Scrabble: DEFLEUR,nom,11,true,7,D,R
DEJOUR,Mot français valide au Scrabble: DEJOUR,nom,14,true,6,D,R
DELIVRE,Mot français valide au Scrabble: DELIVRE,nom,11,true,7,D,E
DEMAISON,Mot français valide au Scrabble: DEMAISON,nom,10,true,8,D,N
DEMONDE,Mot français valide au Scrabble: DEMONDE,nom,10,true,7,D,E
DENUIT,Mot français valide au Scrabble: DENUIT,nom,7,true,6,D,T
DEPAYS,Mot français valide au Scrabble: DEPAYS,nom,18,true,6,D,S
DEPORTE,Mot français valide au Scrabble: DEPORTE,nom,10,true,7,D,E
DEROUTE,Mot français valide au Scrabble: DEROUTE,nom,8,true,7,D,E
DESOLEIL,Mot français valide au Scrabble: DESOLEIL,nom,9,true,8,D,L
DETABLE,Mot français valide au Scrabble: DETABLE,nom,10,true,7,D,E
DETEMPS,Mot français valide au Scrabble: DETEMPS,nom,11,true,7,D,S
DEVIE,Mot français valide au Scrabble: DEVIE,nom,9,true,5,D,E
DEVILLE,Mot français valide au Scrabble: DEVILLE,nom,11,true,7,D,E
DEVOITURE,Mot français valide au Scrabble: DEVOITURE,nom,13,true,9,D,E
DI,Mot français valide au Scrabble: DI,nom,3,true,2,D,I
DO,Mot français valide au Scrabble: DO,nom,3,true,2,D,O
DORMENT,Mot français valide au Scrabble: DORMENT,nom,9,true,7,D,T
DORMIR,Mot français valide au Scrabble: DORMIR,nom,8,true,6,D,R
DORMIRAI,Mot français valide au Scrabble: DORMIRAI,nom,10,true,8,D,I
DORMIT,Mot français valide au Scrabble: DORMIT,nom,8,true,6,D,T
DORS,Mot français valide au Scrabble: DORS,nom,5,true,4,D,S
DORT,Mot français valide au Scrabble: DORT,nom,5,true,4,D,T
DU,Mot français valide au Scrabble: DU,nom,3,true,2,D,U
EAU,Mot français valide au Scrabble: EAU,nom,3,true,3,E,U
EB,Mot français valide au Scrabble: EB,nom,4,true,2,E,B
EC,Mot français valide au Scrabble: EC,nom,4,true,2,E,C
ED,Mot français valide au Scrabble: ED,nom,3,true,2,E,D
EF,Mot français valide au Scrabble: EF,nom,5,true,2,E,F
EG,Mot français valide au Scrabble: EG,nom,3,true,2,E,G
EH,Mot français valide au Scrabble: EH,nom,5,true,2,E,H
EJ,Mot français valide au Scrabble: EJ,nom,9,true,2,E,J
EK,Mot français valide au Scrabble: EK,nom,11,true,2,E,K
EL,Mot français valide au Scrabble: EL,nom,2,true,2,E,L
EM,Mot français valide au Scrabble: EM,nom,3,true,2,E,M
EN,Mot français valide au Scrabble: EN,nom,2,true,2,E,N
EP,Mot français valide au Scrabble: EP,nom,4,true,2,E,P
EQ,Mot français valide au Scrabble: EQ,nom,9,true,2,E,Q
ER,Mot français valide au Scrabble: ER,nom,2,true,2,E,R
ES,Mot français valide au Scrabble: ES,nom,2,true,2,E,S
ET,Mot français valide au Scrabble: ET,nom,2,true,2,E,T
ETOILE,Mot français valide au Scrabble: ETOILE,nom,6,true,6,E,E
EV,Mot français valide au Scrabble: EV,nom,5,true,2,E,V
EW,Mot français valide au Scrabble: EW,nom,11,true,2,E,W
EX,Mot français valide au Scrabble: EX,nom,11,true,2,E,X
EY,Mot français valide au Scrabble: EY,nom,11,true,2,E,Y
EZ,Mot français valide au Scrabble: EZ,nom,11,true,2,E,Z
FA,Mot français valide au Scrabble: FA,nom,5,true,2,F,A
FE,Mot français valide au Scrabble: FE,nom,5,true,2,F,E
FENETRE,Mot français valide au Scrabble: FENETRE,nom,10,true,7,F,E
FENETREABLE,Mot français valide au Scrabble: FENETREABLE,nom,16,true,11,F,E
FENETREAGE,Mot français valide au Scrabble: FENETREAGE,nom,14,true,10,F,E
FENETREEUR,Mot français valide au Scrabble: FENETREEUR,nom,13,true,10,F,R
FENETREIQUE,Mot français valide au Scrabble: FENETREIQUE,nom,21,true,11,F,E
FENETREISME,Mot français valide au Scrabble: FENETREISME,nom,15,true,11,F,E
FENETREISTE,Mot français valide au Scrabble: FENETREISTE,nom,14,true,11,F,E
FENETREMENT,Mot français valide au Scrabble: FENETREMENT,nom,15,true,11,F,T
FENETRES,Mot français valide au Scrabble: FENETRES,nom,11,true,8,F,S
FENETRETION,Mot français valide au Scrabble: FENETRETION,nom,14,true,11,F,N
FEU,Mot français valide au Scrabble: FEU,nom,6,true,3,F,U
FI,Mot français valide au Scrabble: FI,nom,5,true,2,F,I
FJORD,Mot français valide au Scrabble: FJORD,nom,16,true,5,F,D
FLEUR,Mot français valide au Scrabble: FLEUR,nom,8,true,5,F,R
FLEURABLE,Mot français valide au Scrabble: FLEURABLE,nom,14,true,9,F,E
FLEURAGE,Mot français valide au Scrabble: FLEURAGE,nom,12,true,8,F,E
FLEUREUR,Mot français valide au Scrabble: FLEUREUR,nom,11,true,8,F,R
FLEURIQUE,Mot français valide au Scrabble: FLEURIQUE,nom,19,true,9,F,E
FLEURISME,Mot français valide au Scrabble: FLEURISME,nom,13,true,9,F,E
FLEURISTE,Mot français valide au Scrabble: FLEURISTE,nom,12,true,9,F,E
FLEURMENT,Mot français valide au Scrabble: FLEURMENT,nom,13,true,9,F,T
FLEURS,Mot français valide au Scrabble: FLEURS,nom,9,true,6,F,S
FLEURTION,Mot français valide au Scrabble: FLEURTION,nom,12,true,9,F,N
FO,Mot français valide au Scrabble: FO,nom,5,true,2,F,O
FROID,Mot français valide au Scrabble: FROID,nom,9,true,5,F,D
FU,Mot français valide au Scrabble: FU,nom,5,true,2,F,U
GA,Mot français valide au Scrabble: GA,nom,3,true,2,G,A
GE,Mot français valide au Scrabble: GE,nom,3,true,2,G,E
GI,Mot français valide au Scrabble: GI,nom,3,true,2,G,I
GO,Mot français valide au Scrabble: GO,nom,3,true,2,G,O
GRAND,Mot français valide au Scrabble: GRAND,nom,7,true,5,G,D
GU,Mot français valide au Scrabble: GU,nom,3,true,2,G,U
HA,Mot français valide au Scrabble: HA,nom,5,true,2,H,A
HE,Mot français valide au Scrabble: HE,nom,5,true,2,H,E
HI,Mot français valide au Scrabble: HI,nom,5,true,2,H,I
HO,Mot français valide au Scrabble: HO,nom,5,true,2,H,O
HU,Mot français valide au Scrabble: HU,nom,5,true,2,H,U
IB,Mot français valide au Scrabble: IB,nom,4,true,2,I,B
IC,Mot français valide au Scrabble: IC,nom,4,true,2,I,C
ID,Mot français valide au Scrabble: ID,nom,3,true,2,I,D
IF,Mot français valide au Scrabble: IF,nom,5,true,2,I,F
IG,Mot français valide au Scrabble: IG,nom,3,true,2,I,G
IH,Mot français valide au Scrabble: IH,nom,5,true,2,I,H
IJ,Mot français valide au Scrabble: IJ,nom,9,true,2,I,J
IK,Mot français valide au Scrabble: IK,nom,11,true,2,I,K
IL,Mot français valide au Scrabble: IL,nom,2,true,2,I,L
IM,Mot français valide au Scrabble: IM,nom,3,true,2,I,M
IN,Mot français valide au Scrabble: IN,nom,2,true,2,I,N
INTERARBRE,Mot français valide au Scrabble: INTERARBRE,nom,12,true,10,I,E
INTERCHAISE,Mot français valide au Scrabble: INTERCHAISE,nom,16,true,11,I,E
INTERCHAT,Mot français valide au Scrabble: INTERCHAT,nom,14,true,9,I,T
INTERCHIEN,Mot français valide au Scrabble: INTERCHIEN,nom,15,true,10,I,N
INTERFENETRE,Mot français valide au Scrabble: INTERFENETRE,nom,15,true,12,I,E
INTERFLEUR,Mot français valide au Scrabble: INTERFLEUR,nom,13,true,10,I,R
INTERJOUR,Mot français valide au Scrabble: INTERJOUR,nom,16,true,9,I,R
INTERLIVRE,Mot français valide au Scrabble: INTERLIVRE,nom,13,true,10,I,E
INTERMAISON,Mot français valide au Scrabble: INTERMAISON,nom,12,true,11,I,N
INTERMONDE,Mot français valide au Scrabble: INTERMONDE,nom,12,true,10,I,E
INTERNUIT,Mot français valide au Scrabble: INTERNUIT,nom,9,true,9,I,T
INTERPAYS,Mot français valide au Scrabble: INTERPAYS,nom,20,true,9,I,S
INTERPORTE,Mot français valide au Scrabble: INTERPORTE,nom,12,true,10,I,E
INTERROUTE,Mot français valide au Scrabble: INTERROUTE,nom,10,true,10,I,E
INTERSOLEIL,Mot français valide au Scrabble: INTERSOLEIL,nom,11,true,11,I,L
INTERTABLE,Mot français valide au Scrabble: INTERTABLE,nom,12,true,10,I,E
INTERTEMPS,Mot français valide au Scrabble: INTERTEMPS,nom,13,true,10,I,S
INTERVIE,Mot français valide au Scrabble: INTERVIE,nom,11,true,8,I,E
INTERVILLE,Mot français valide au Scrabble: INTERVILLE,nom,13,true,10,I,E
INTERVOITURE,Mot français valide au Scrabble: INTERVOITURE,nom,15,true,12,I,E
IP,Mot français valide au Scrabble: IP,nom,4,true,2,I,P
IQ,Mot français valide au Scrabble: IQ,nom,9,true,2,I,Q
IR,Mot français valide au Scrabble: IR,nom,2,true,2,I,R
IS,Mot français valide au Scrabble: IS,nom,2,true,2,I,S
IT,Mot français valide au Scrabble: IT,nom,2,true,2,I,T
IV,Mot français valide au Scrabble: IV,nom,5,true,2,I,V
IW,Mot français valide au Scrabble: IW,nom,11,true,2,I,W
IX,Mot français valide au Scrabble: IX,nom,11,true,2,I,X
IY,Mot français valide au Scrabble: IY,nom,11,true,2,I,Y
IZ,Mot français valide au Scrabble: IZ,nom,11,true,2,I,Z
JA,Mot français valide au Scrabble: JA,nom,9,true,2,J,A
JAZZ,Mot français valide au Scrabble: JAZZ,nom,29,true,4,J,Z
JE,Mot français valide au Scrabble: JE,nom,9,true,2,J,E
JEUNE,Mot français valide au Scrabble: JEUNE,nom,12,true,5,J,E
JI,Mot français valide au Scrabble: JI,nom,9,true,2,J,I
JO,Mot français valide au Scrabble: JO,nom,9,true,2,J,O
JOUA,Mot français valide au Scrabble: JOUA,nom,11,true,4,J,A
JOUE,Mot français valide au Scrabble: JOUE,nom,11,true,4,J,E
JOUENT,Mot français valide au Scrabble: JOUENT,nom,13,true,6,J,T
JOUER,Mot français valide au Scrabble: JOUER,nom,12,true,5,J,R
JOUERAI,Mot français valide au Scrabble: JOUERAI,nom,14,true,7,J,I
JOUERAIS,Mot français valide au Scrabble: JOUERAIS,nom,15,true,8,J,S
JOUES,Mot français valide au Scrabble: JOUES,nom,12,true,5,J,S
JOUR,Mot français valide au Scrabble: JOUR,nom,11,true,4,J,R
JOURABLE,Mot français valide au Scrabble: JOURABLE,nom,17,true,8,J,E
JOURAGE,Mot français valide au Scrabble: JOURAGE,nom,15,true,7,J,E
JOUREUR,Mot français valide au Scrabble: JOUREUR,nom,14,true,7,J,R
JOURIQUE,Mot français valide au Scrabble: JOURIQUE,nom,22,true,8,J,E
JOURISME,Mot français valide au Scrabble: JOURISME,nom,16,true,8,J,E
JOURISTE,Mot français valide au Scrabble: JOURISTE,nom,15,true,8,J,E
JOURMENT,Mot français valide au Scrabble: JOURMENT,nom,16,true,8,J,T
JOURTION,Mot français valide au Scrabble: JOURTION,nom,15,true,8,J,N
JU,Mot français valide au Scrabble: JU,nom,9,true,2,J,U
KA,Mot français valide au Scrabble: KA,nom,11,true,2,K,A
KAYAK,Mot français valide au Scrabble: KAYAK,nom,32,true,5,K,K
KE,Mot français valide au Scrabble: KE,nom,11,true,2,K,E
KIWI,Mot français valide au Scrabble: KIWI,nom,22,true,4,K,I
LAID,Mot français valide au Scrabble: LAID,nom,5,true,4,L,D
LIVRE,Mot français valide au Scrabble: LIVRE,nom,8,true,5,L,E
LIVREABLE,Mot français valide au Scrabble: LIVREABLE,nom,14,true,9,L,E
LIVREAGE,Mot français valide au Scrabble: LIVREAGE,nom,12,true,8,L,E
LIVREEUR,Mot français valide au Scrabble: LIVREEUR,nom,11,true,8,L,R
LIVREIQUE,Mot français valide au Scrabble: LIVREIQUE,nom,19,true,9,L,E
LIVREISME,Mot français valide au Scrabble: LIVREISME,nom,13,true,9,L,E
LIVREISTE,Mot français valide au Scrabble: LIVREISTE,nom,12,true,9,L,E
LIVREMENT,Mot français valide au Scrabble: LIVREMENT,nom,13,true,9,L,T
LIVRES,Mot français valide au Scrabble: LIVRES,nom,9,true,6,L,S
LIVRETION,Mot français valide au Scrabble: LIVRETION,nom,12,true,9,L,N
LUNE,Mot français valide au Scrabble: LUNE,nom,4,true,4,L,E
LYNX,Mot français valide au Scrabble: LYNX,nom,22,true,4,L,X
MAISON,Mot français valide au Scrabble: MAISON,nom,7,true,6,M,N
MAISONABLE,Mot français valide au Scrabble: MAISONABLE,nom,13,true,10,M,E
MAISONAGE,Mot français valide au Scrabble: MAISONAGE,nom,11,true,9,M,E
MAISONEUR,Mot français valide au Scrabble: MAISONEUR,nom,10,true,9,M,R
MAISONIQUE,Mot français valide au Scrabble: MAISONIQUE,nom,18,true,10,M,E
MAISONISME,Mot français valide au Scrabble: MAISONISME,nom,12,true,10,M,E
MAISONISTE,Mot français valide au Scrabble: MAISONISTE,nom,11,true,10,M,E
MAISONMENT,Mot français valide au Scrabble: MAISONMENT,nom,12,true,10,M,T
MAISONS,Mot français valide au Scrabble: MAISONS,nom,8,true,7,M,S
MAISONTION,Mot français valide au Scrabble: MAISONTION,nom,11,true,10,M,N
MANGE,Mot français valide au Scrabble: MANGE,nom,7,true,5,M,E
MANGEA,Mot français valide au Scrabble: MANGEA,nom,8,true,6,M,A
MANGENT,Mot français valide au Scrabble: MANGENT,nom,9,true,7,M,T
MANGER,Mot français valide au Scrabble: MANGER,nom,8,true,6,M,R
MANGERAI,Mot français valide au Scrabble: MANGERAI,nom,10,true,8,M,I
MANGES,Mot français valide au Scrabble: MANGES,nom,8,true,6,M,S
MAUVAIS,Mot français valide au Scrabble: MAUVAIS,nom,11,true,7,M,S
MONDE,Mot français valide au Scrabble: MONDE,nom,7,true,5,M,E
MONDEABLE,Mot français valide au Scrabble: MONDEABLE,nom,13,true,9,M,E
MONDEAGE,Mot français valide au Scrabble: MONDEAGE,nom,11,true,8,M,E
MONDEEUR,Mot français valide au Scrabble: MONDEEUR,nom,10,true,8,M,R
MONDEIQUE,Mot français valide au Scrabble: MONDEIQUE,nom,18,true,9,M,E
MONDEISME,Mot français valide au Scrabble: MONDEISME,nom,12,true,9,M,E
MONDEISTE,Mot français valide au Scrabble: MONDEISTE,nom,11,true,9,M,E
MONDEMENT,Mot français valide au Scrabble: MONDEMENT,nom,12,true,9,M,T
MONDETION,Mot français valide au Scrabble: MONDETION,nom,11,true,9,M,N
NEIGE,Mot français valide au Scrabble: NEIGE,nom,6,true,5,N,E
NOUVEAU,Mot français valide au Scrabble: NOUVEAU,nom,10,true,7,N,U
NUIT,Mot français valide au Scrabble: NUIT,nom,4,true,4,N,T
NUITABLE,Mot français valide au Scrabble: NUITABLE,nom,10,true,8,N,E
NUITAGE,Mot français valide au Scrabble: NUITAGE,nom,8,true,7,N,E
NUITEUR,Mot français valide au Scrabble: NUITEUR,nom,7,true,7,N,R
NUITIQUE,Mot français valide au Scrabble: NUITIQUE,nom,15,true,8,N,E
NUITISME,Mot français valide au Scrabble: NUITISME,nom,9,true,8,N,E
NUITISTE,Mot français valide au Scrabble: NUITISTE,nom,8,true,8,N,E
NUITMENT,Mot français valide au Scrabble: NUITMENT,nom,9,true,8,N,T
NUITTION,Mot français valide au Scrabble: NUITTION,nom,8,true,8,N,N
ONYX,Mot français valide au Scrabble: ONYX,nom,22,true,4,O,X
ORYX,Mot français valide au Scrabble: ORYX,nom,22,true,4,O,X
OYEZ,Mot français valide au Scrabble: OYEZ,nom,22,true,4,O,Z
PAYS,Mot français valide au Scrabble: PAYS,nom,15,true,4,P,S
PAYSABLE,Mot français valide au Scrabble: PAYSABLE,nom,21,true,8,P,E
PAYSAGE,Mot français valide au Scrabble: PAYSAGE,nom,19,true,7,P,E
PAYSEUR,Mot français valide au Scrabble: PAYSEUR,nom,18,true,7,P,R
PAYSIQUE,Mot français valide au Scrabble: PAYSIQUE,nom,26,true,8,P,E
PAYSISME,Mot français valide au Scrabble: PAYSISME,nom,20,true,8,P,E
PAYSISTE,Mot français valide au Scrabble: PAYSISTE,nom,19,true,8,P,E
PAYSMENT,Mot français valide au Scrabble: PAYSMENT,nom,20,true,8,P,T
PAYSTION,Mot français valide au Scrabble: PAYSTION,nom,19,true,8,P,N
PETIT,Mot français valide au Scrabble: PETIT,nom,7,true,5,P,T
PLUIE,Mot français valide au Scrabble: PLUIE,nom,7,true,5,P,E
PORTE,Mot français valide au Scrabble: PORTE,nom,7,true,5,P,E
PORTEABLE,Mot français valide au Scrabble: PORTEABLE,nom,13,true,9,P,E
PORTEAGE,Mot français valide au Scrabble: PORTEAGE,nom,11,true,8,P,E
PORTEEUR,Mot français valide au Scrabble: PORTEEUR,nom,10,true,8,P,R
PORTEIQUE,Mot français valide au Scrabble: PORTEIQUE,nom,18,true,9,P,E
PORTEISME,Mot français valide au Scrabble: PORTEISME,nom,12,true,9,P,E
PORTEISTE,Mot français valide au Scrabble: PORTEISTE,nom,11,true,9,P,E
PORTEMENT,Mot français valide au Scrabble: PORTEMENT,nom,12,true,9,P,T
PORTES,Mot français valide au Scrabble: PORTES,nom,8,true,6,P,S
PORTETION,Mot français valide au Scrabble: PORTETION,nom,11,true,9,P,N
PREARBRE,Mot français valide au Scrabble: PREARBRE,nom,12,true,8,P,E
PRECHAISE,Mot français valide au Scrabble: PRECHAISE,nom,16,true,9,P,E
PRECHAT,Mot français valide au Scrabble: PRECHAT,nom,14,true,7,P,T
PRECHIEN,Mot français valide au Scrabble: PRECHIEN,nom,15,true,8,P,N
PREFENETRE,Mot français valide au Scrabble: PREFENETRE,nom,15,true,10,P,E
PREFLEUR,Mot français valide au Scrabble: PREFLEUR,nom,13,true,8,P,R
PREJOUR,Mot français valide au Scrabble: PREJOUR,nom,16,true,7,P,R
PRELIVRE,Mot français valide au Scrabble: PRELIVRE,nom,13,true,8,P,E
PREMAISON,Mot français valide au Scrabble: PREMAISON,nom,12,true,9,P,N
PREMONDE,Mot français valide au Scrabble: PREMONDE,nom,12,true,8,P,E
PRENUIT,Mot français valide au Scrabble: PRENUIT,nom,9,true,7,P,T
PREPAYS,Mot français valide au Scrabble: PREPAYS,nom,20,true,7,P,S
PREPORTE,Mot français valide au Scrabble: PREPORTE,nom,12,true,8,P,E
PREROUTE,Mot français valide au Scrabble: PREROUTE,nom,10,true,8,P,E
PRESOLEIL,Mot français valide au Scrabble: PRESOLEIL,nom,11,true,9,P,L
PRETABLE,Mot français valide au Scrabble: PRETABLE,nom,12,true,8,P,E
PRETEMPS,Mot français valide au Scrabble: PRETEMPS,nom,13,true,8,P,S
PREVIE,Mot français valide au Scrabble: PREVIE,nom,11,true,6,P,E
PREVILLE,Mot français valide au Scrabble: PREVILLE,nom,13,true,8,P,E
PREVOITURE,Mot français valide au Scrabble: PREVOITURE,nom,15,true,10,P,E
QUIZ,Mot français valide au Scrabble: QUIZ,nom,20,true,4,Q,Z
QUOI,Mot français valide au Scrabble: QUOI,nom,11,true,4,Q,I
REARBRE,Mot français valide au Scrabble: REARBRE,nom,9,true,7,R,E
RECHAISE,Mot français valide au Scrabble: RECHAISE,nom,13,true,8,R,E
RECHAT,Mot français valide au Scrabble: RECHAT,nom,11,true,6,R,T
RECHIEN,Mot français valide au Scrabble: RECHIEN,nom,12,true,7,R,N
REFENETRE,Mot français valide au Scrabble: REFENETRE,nom,12,true,9,R,E
REFLEUR,Mot français valide au Scrabble: REFLEUR,nom,10,true,7,R,R
REJOUR,Mot français valide au Scrabble: REJOUR,nom,13,true,6,R,R
RELIVRE,Mot français valide au Scrabble: RELIVRE,nom,10,true,7,R,E
REMAISON,Mot français valide au Scrabble: REMAISON,nom,9,true,8,R,N
REMONDE,Mot français valide au Scrabble: REMONDE,nom,9,true,7,R,E
RENUIT,Mot français valide au Scrabble: RENUIT,nom,6,true,6,R,T
REPAYS,Mot français valide au Scrabble: REPAYS,nom,17,true,6,R,S
REPORTE,Mot français valide au Scrabble: REPORTE,nom,9,true,7,R,E
REROUTE,Mot français valide au Scrabble: REROUTE,nom,7,true,7,R,E
RESOLEIL,Mot français valide au Scrabble: RESOLEIL,nom,8,true,8,R,L
RETABLE,Mot français valide au Scrabble: RETABLE,nom,9,true,7,R,E
RETEMPS,Mot français valide au Scrabble: RETEMPS,nom,10,true,7,R,S
REVIE,Mot français valide au Scrabble: REVIE,nom,8,true,5,R,E
REVILLE,Mot français valide au Scrabble: REVILLE,nom,10,true,7,R,E
REVOITURE,Mot français valide au Scrabble: REVOITURE,nom,12,true,9,R,E
ROUTE,Mot français valide au Scrabble: ROUTE,nom,5,true,5,R,E
ROUTEABLE,Mot français valide au Scrabble: ROUTEABLE,nom,11,true,9,R,E
ROUTEAGE,Mot français valide au Scrabble: ROUTEAGE,nom,9,true,8,R,E
ROUTEEUR,Mot français valide au Scrabble: ROUTEEUR,nom,8,true,8,R,R
ROUTEIQUE,Mot français valide au Scrabble: ROUTEIQUE,nom,16,true,9,R,E
ROUTEISME,Mot français valide au Scrabble: ROUTEISME,nom,10,true,9,R,E
ROUTEISTE,Mot français valide au Scrabble: ROUTEISTE,nom,9,true,9,R,E
ROUTEMENT,Mot français valide au Scrabble: ROUTEMENT,nom,10,true,9,R,T
ROUTES,Mot français valide au Scrabble: ROUTES,nom,6,true,6,R,S
ROUTETION,Mot français valide au Scrabble: ROUTETION,nom,9,true,9,R,N
SOLEIL,Mot français valide au Scrabble: SOLEIL,nom,6,true,6,S,L
SOLEILABLE,Mot français valide au Scrabble: SOLEILABLE,nom,12,true,10,S,E
SOLEILAGE,Mot français valide au Scrabble: SOLEILAGE,nom,10,true,9,S,E
SOLEILEUR,Mot français valide au Scrabble: SOLEILEUR,nom,9,true,9,S,R
SOLEILIQUE,Mot français valide au Scrabble: SOLEILIQUE,nom,17,true,10,S,E
SOLEILISME,Mot français valide au Scrabble: SOLEILISME,nom,11,true,10,S,E
SOLEILISTE,Mot français valide au Scrabble: SOLEILISTE,nom,10,true,10,S,E
SOLEILMENT,Mot français valide au Scrabble: SOLEILMENT,nom,11,true,10,S,T
SOLEILTION,Mot français valide au Scrabble: SOLEILTION,nom,10,true,10,S,N
SUBARBRE,Mot français valide au Scrabble: SUBARBRE,nom,12,true,8,S,E
SUBCHAISE,Mot français valide au Scrabble: SUBCHAISE,nom,16,true,9,S,E
SUBCHAT,Mot français valide au Scrabble: SUBCHAT,nom,14,true,7,S,T
SUBCHIEN,Mot français valide au Scrabble: SUBCHIEN,nom,15,true,8,S,N
SUBFENETRE,Mot français valide au Scrabble: SUBFENETRE,nom,15,true,10,S,E
SUBFLEUR,Mot français valide au Scrabble: SUBFLEUR,nom,13,true,8,S,R
SUBJOUR,Mot français valide au Scrabble: SUBJOUR,nom,16,true,7,S,R
SUBLIVRE,Mot français valide au Scrabble: SUBLIVRE,nom,13,true,8,S,E
SUBMAISON,Mot français valide au Scrabble: SUBMAISON,nom,12,true,9,S,N
SUBMONDE,Mot français valide au Scrabble: SUBMONDE,nom,12,true,8,S,E
SUBNUIT,Mot français valide au Scrabble: SUBNUIT,nom,9,true,7,S,T
SUBPAYS,Mot français valide au Scrabble: SUBPAYS,nom,20,true,7,S,S
SUBPORTE,Mot français valide au Scrabble: SUBPORTE,nom,12,true,8,S,E
SUBROUTE,Mot français valide au Scrabble: SUBROUTE,nom,10,true,8,S,E
SUBSOLEIL,Mot français valide au Scrabble: SUBSOLEIL,nom,11,true,9,S,L
SUBTABLE,Mot français valide au Scrabble: SUBTABLE,nom,12,true,8,S,E
SUBTEMPS,Mot français valide au Scrabble: SUBTEMPS,nom,13,true,8,S,S
SUBVIE,Mot français valide au Scrabble: SUBVIE,nom,11,true,6,S,E
SUBVILLE,Mot français valide au Scrabble: SUBVILLE,nom,13,true,8,S,E
SUBVOITURE,Mot français valide au Scrabble: SUBVOITURE,nom,15,true,10,S,E
TABLE,Mot français valide au Scrabble: TABLE,nom,7,true,5,T,E
TABLEABLE,Mot français valide au Scrabble: TABLEABLE,nom,13,true,9,T,E
TABLEAGE,Mot français valide au Scrabble: TABLEAGE,nom,11,true,8,T,E
TABLEEUR,Mot français valide au Scrabble: TABLEEUR,nom,10,true,8,T,R
TABLEIQUE,Mot français valide au Scrabble: TABLEIQUE,nom,18,true,9,T,E
TABLEISME,Mot français valide au Scrabble: TABLEISME,nom,12,true,9,T,E
TABLEISTE,Mot français valide au Scrabble: TABLEISTE,nom,11,true,9,T,E
TABLEMENT,Mot français valide au Scrabble: TABLEMENT,nom,12,true,9,T,T
TABLES,Mot français valide au Scrabble: TABLES,nom,8,true,6,T,S
TABLETION,Mot français valide au Scrabble: TABLETION,nom,11,true,9,T,N
TEMPS,Mot français valide au Scrabble: TEMPS,nom,8,true,5,T,S
TEMPSABLE,Mot français valide au Scrabble: TEMPSABLE,nom,14,true,9,T,E
TEMPSAGE,Mot français valide au Scrabble: TEMPSAGE,nom,12,true,8,T,E
TEMPSEUR,Mot français valide au Scrabble: TEMPSEUR,nom,11,true,8,T,R
TEMPSIQUE,Mot français valide au Scrabble: TEMPSIQUE,nom,19,true,9,T,E
TEMPSISME,Mot français valide au Scrabble: TEMPSISME,nom,13,true,9,T,E
TEMPSISTE,Mot français valide au Scrabble: TEMPSISTE,nom,12,true,9,T,E
TEMPSMENT,Mot français valide au Scrabble: TEMPSMENT,nom,13,true,9,T,T
TEMPSTION,Mot français valide au Scrabble: TEMPSTION,nom,12,true,9,T,N
TERRE,Mot français valide au Scrabble: TERRE,nom,5,true,5,T,E
UNARBRE,Mot français valide au Scrabble: UNARBRE,nom,9,true,7,U,E
UNCHAISE,Mot français valide au Scrabble: UNCHAISE,nom,13,true,8,U,E
UNCHAT,Mot français valide au Scrabble: UNCHAT,nom,11,true,6,U,T
UNCHIEN,Mot français valide au Scrabble: UNCHIEN,nom,12,true,7,U,N
UNFENETRE,Mot français valide au Scrabble: UNFENETRE,nom,12,true,9,U,E
UNFLEUR,Mot français valide au Scrabble: UNFLEUR,nom,10,true,7,U,R
UNJOUR,Mot français valide au Scrabble: UNJOUR,nom,13,true,6,U,R
UNLIVRE,Mot français valide au Scrabble: UNLIVRE,nom,10,true,7,U,E
UNMAISON,Mot français valide au Scrabble: UNMAISON,nom,9,true,8,U,N
UNMONDE,Mot français valide au Scrabble: UNMONDE,nom,9,true,7,U,E
UNNUIT,Mot français valide au Scrabble: UNNUIT,nom,6,true,6,U,T
UNPAYS,Mot français valide au Scrabble: UNPAYS,nom,17,true,6,U,S
UNPORTE,Mot français valide au Scrabble: UNPORTE,nom,9,true,7,U,E
UNROUTE,Mot français valide au Scrabble: UNROUTE,nom,7,true,7,U,E
UNSOLEIL,Mot français valide au Scrabble: UNSOLEIL,nom,8,true,8,U,L
UNTABLE,Mot français valide au Scrabble: UNTABLE,nom,9,true,7,U,E
UNTEMPS,Mot français valide au Scrabble: UNTEMPS,nom,10,true,7,U,S
UNVIE,Mot français valide au Scrabble: UNVIE,nom,8,true,5,U,E
UNVILLE,Mot français valide au Scrabble: UNVILLE,nom,10,true,7,U,E
UNVOITURE,Mot français valide au Scrabble: UNVOITURE,nom,12,true,9,U,E
VENT,Mot français valide au Scrabble: VENT,nom,7,true,4,V,T
VIE,Mot français valide au Scrabble: VIE,nom,6,true,3,V,E
VIEABLE,Mot français valide au Scrabble: VIEABLE,nom,12,true,7,V,E
VIEAGE,Mot français valide au Scrabble: VIEAGE,nom,10,true,6,V,E
VIEEUR,Mot français valide au Scrabble: VIEEUR,nom,9,true,6,V,R
VIEIQUE,Mot français valide au Scrabble: VIEIQUE,nom,17,true,7,V,E
VIEISME,Mot français valide au Scrabble: VIEISME,nom,11,true,7,V,E
VIEISTE,Mot français valide au Scrabble: VIEISTE,nom,10,true,7,V,E
VIEMENT,Mot français valide au Scrabble: VIEMENT,nom,11,true,7,V,T
VIETION,Mot français valide au Scrabble: VIETION,nom,10,true,7,V,N
VIEUX,Mot français valide au Scrabble: VIEUX,nom,17,true,5,V,X
VILLE,Mot français valide au Scrabble: VILLE,nom,8,true,5,V,E
VILLEABLE,Mot français valide au Scrabble: VILLEABLE,nom,14,true,9,V,E
VILLEAGE,Mot français valide au Scrabble: VILLEAGE,nom,12,true,8,V,E
VILLEEUR,Mot français valide au Scrabble: VILLEEUR,nom,11,true,8,V,R
VILLEIQUE,Mot français valide au Scrabble: VILLEIQUE,nom,19,true,9,V,E
VILLEISME,Mot français valide au Scrabble: VILLEISME,nom,13,true,9,V,E
VILLEISTE,Mot français valide au Scrabble: VILLEISTE,nom,12,true,9,V,E
VILLEMENT,Mot français valide au Scrabble: VILLEMENT,nom,13,true,9,V,T
VILLETION,Mot français valide au Scrabble: VILLETION,nom,12,true,9,V,N
VOITURE,Mot français valide au Scrabble: VOITURE,nom,10,true,7,V,E
VOITUREABLE,Mot français valide au Scrabble: VOITUREABLE,nom,16,true,11,V,E
VOITUREAGE,Mot français valide au Scrabble: VOITUREAGE,nom,14,true,10,V,E
VOITUREEUR,Mot français valide au Scrabble: VOITUREEUR,nom,13,true,10,V,R
VOITUREIQUE,Mot français valide au Scrabble: VOITUREIQUE,nom,21,true,11,V,E
VOITUREISME,Mot français valide au Scrabble: VOITUREISME,nom,15,true,11,V,E
VOITUREISTE,Mot français valide au Scrabble: VOITUREISTE,nom,14,true,11,V,E
VOITUREMENT,Mot français valide au Scrabble: VOITUREMENT,nom,15,true,11,V,T
VOITURES,Mot français valide au Scrabble: VOITURES,nom,11,true,8,V,S
VOITURETION,Mot français valide au Scrabble: VOITURETION,nom,14,true,11,V,N
WAGON,Mot français valide au Scrabble: WAGON,nom,15,true,5,W,N
WHIG,Mot français valide au Scrabble: WHIG,nom,17,true,4,W,G
YEUX,Mot français valide au Scrabble: YEUX,nom,22,true,4,Y,X
ZELE,Mot français valide au Scrabble: ZELE,nom,13,true,4,Z,E
ZONE,Mot français valide au Scrabble: ZONE,nom,13,true,4,Z,E
